industry_type,primary_hotspot_key,production_volume_units,grid_electricity_kwh,renewable_electricity_kwh,renewable_energy_ratio,fossil_fuel_burn_mj,raw_material_kg,virgin_material_percentage,waste_generated_kg,waste_landfill_percentage,transport_tkm,primary_hotspot_share_pct,scope1_share_pct,scope2_share_pct,scope3_share_pct,target_intervention_category
general,transport,569209.0,314662.7,78706.0,0.2001,834344.6,290933.5,67.27,24126.3,58.45,205514.7,32.44,54.81,21.36,23.83,Transportation Optimization
chemical,raw_materials,843588.6,334128.8,144979.1,0.3026,380843.0,465378.9,84.86,46776.5,82.69,35896.4,40.25,29.02,23.76,47.22,Recycled Materials
chemical,natural_gas,916403.6,858136.5,137578.0,0.1382,1319588.2,511990.8,60.11,20014.9,59.17,21171.7,51.44,39.44,34.45,26.11,Process Changes
food_processing,waste,1316347.8,724768.7,57255.2,0.0732,137851.1,453250.6,62.15,244210.0,75.89,37605.1,43.13,20.53,20.99,58.48,Waste-to-Value
textile,coal,958533.0,992654.1,155466.9,0.1354,560213.6,460419.6,75.34,23127.9,60.26,23298.3,46.19,45.93,44.07,10.0,Process Changes
general,coal,1829756.7,725668.0,127586.2,0.1495,891753.1,535507.1,83.4,58161.3,72.61,37965.6,41.8,49.84,38.92,11.24,Process Changes
chemical,waste,670162.2,262437.9,60799.4,0.1881,413529.6,337318.4,66.83,117498.2,89.08,28150.0,48.17,28.42,30.11,41.47,Waste-to-Value
metal_engineering,electricity,928998.1,1809334.0,25091.0,0.0137,260656.8,248593.0,62.82,23610.1,64.91,42800.4,65.03,11.44,50.07,38.49,Renewable Energy Substitution
metal_engineering,raw_materials,1694847.5,616369.1,90554.2,0.1281,138129.7,611126.4,87.54,56338.0,67.5,36034.1,48.16,24.21,17.3,58.49,Alternative Materials
general,coal,579645.3,534303.1,31449.9,0.0556,580648.1,239348.6,60.83,42628.0,54.42,27219.3,46.5,39.09,38.75,22.16,Process Changes
metal_engineering,raw_materials,3384560.5,248140.2,88186.5,0.2622,193638.9,1184140.8,86.57,35914.2,79.08,54620.3,55.98,13.87,17.56,68.57,Alternative Materials
food_processing,electricity,597699.9,930242.5,156650.0,0.1441,1342437.5,301655.7,71.97,28375.9,53.76,51125.0,49.67,49.49,34.3,16.21,Process Changes
food_processing,coal,1423882.4,462132.7,173959.0,0.2735,1466891.5,451873.0,83.34,29905.8,70.09,47599.6,49.13,50.94,31.93,17.13,Process Changes
metal_engineering,waste,1323821.8,296497.7,36658.5,0.11,125144.9,432067.0,71.43,49364.1,82.61,86938.7,29.83,16.18,22.13,61.69,Material Reuse
metal_engineering,raw_materials,1717572.6,768127.6,114583.9,0.1298,204465.0,701719.5,82.48,68793.4,82.05,41353.8,41.76,17.0,23.92,59.08,Recycled Materials
general,raw_materials,1346697.8,560083.3,179577.4,0.2428,323623.7,458755.4,74.84,44278.6,71.18,22405.0,39.39,21.96,30.84,47.2,Recycled Materials
metal_engineering,waste,556144.1,302928.3,92130.1,0.2332,188545.1,345207.7,76.12,116633.6,61.32,36329.3,31.82,22.79,31.76,45.45,Recycling Loops
chemical,raw_materials,2040101.4,308689.6,108545.3,0.2602,113503.4,772647.0,94.93,24275.1,67.02,30262.5,59.18,17.25,27.09,55.66,Alternative Materials
chemical,electricity,357593.1,794459.8,55211.0,0.065,295873.3,133521.0,57.42,25646.2,62.71,21031.3,60.01,30.89,64.62,4.49,Renewable Energy Substitution
general,diesel,607755.7,272796.7,64979.1,0.1924,1635965.1,209446.3,65.77,12935.1,52.51,172984.1,36.76,57.36,12.22,30.42,Transportation Optimization
general,waste,1099317.6,328625.2,127267.0,0.2792,356056.1,399494.1,74.65,127847.0,58.63,37633.0,27.83,17.87,31.61,50.52,Recycling Loops
metal_engineering,coal,690191.6,1822952.6,152200.1,0.0771,982866.1,213028.9,69.25,36070.0,66.72,40400.1,40.56,49.87,16.8,33.33,Renewable Energy Substitution
general,transport,539935.4,363274.7,38864.3,0.0966,1407472.6,171080.8,71.03,18686.0,53.68,218281.4,49.84,40.97,22.54,36.49,Transportation Optimization
food_processing,waste,820034.3,596454.6,107423.8,0.1526,228259.8,221606.8,84.36,63262.9,96.8,26060.3,30.25,25.34,34.71,39.95,Waste-to-Value
metal_engineering,diesel,367266.3,174039.6,24434.1,0.1231,1255528.6,118544.7,76.43,13553.7,60.22,179976.8,42.39,54.12,17.49,28.39,Transportation Optimization
general,raw_materials,1488357.9,380578.1,112062.4,0.2275,73572.7,823953.4,89.84,44836.6,51.37,54861.5,59.42,24.53,26.24,49.23,Alternative Materials
metal_engineering,electricity,815372.2,512594.7,53495.1,0.0945,1203330.0,499149.3,70.24,27628.4,67.7,53299.6,49.37,47.14,42.21,10.65,Process Changes
chemical,waste,1346960.6,300114.1,96665.7,0.2436,196626.3,421822.8,62.18,114465.3,92.97,19547.6,46.18,28.76,30.2,41.04,Waste-to-Value
chemical,waste,941069.8,507882.6,81004.3,0.1376,108327.1,474049.6,67.21,54427.8,59.06,28307.8,27.67,25.47,34.36,40.17,Recycling Loops
textile,raw_materials,2881220.6,424767.6,101361.8,0.1927,226097.7,1070840.9,94.22,26517.4,52.12,45696.8,38.58,18.79,29.1,52.11,Alternative Materials
textile,waste,628627.4,515616.2,48078.0,0.0853,171396.1,287788.7,69.41,39591.2,84.77,94353.0,28.34,15.7,30.59,53.71,Material Reuse
textile,waste,690077.3,668462.2,27625.0,0.0397,391896.8,270142.5,82.16,198656.8,78.79,31974.5,37.82,17.67,32.89,49.44,Waste-to-Value
chemical,raw_materials,545678.1,412944.1,44269.1,0.0968,167851.7,212877.9,78.3,106848.5,82.58,39974.9,37.4,20.1,32.12,47.78,Material Reuse
food_processing,waste,668745.5,506826.3,90981.5,0.1522,119419.4,342270.3,80.48,75179.8,94.68,17756.9,50.86,20.41,29.18,50.41,Waste-to-Value
textile,waste,1030003.0,251752.3,27624.8,0.0989,388344.2,299731.3,61.52,105058.1,84.8,36917.0,45.61,18.56,27.55,53.89,Waste-to-Value
general,raw_materials,514213.4,297598.1,97338.7,0.2465,337441.4,236671.1,73.01,102166.7,94.17,61606.3,31.42,22.89,28.76,48.35,Material Reuse
textile,coal,786776.0,2312590.9,165245.4,0.0667,1737400.8,159069.0,57.7,20126.5,53.35,44052.7,40.16,62.03,33.18,4.79,Renewable Energy Substitution
general,coal,914508.8,884826.8,61737.3,0.0652,1175471.5,439059.9,78.06,56678.3,70.61,23090.9,37.55,48.74,34.97,16.29,Process Changes
food_processing,waste,714849.1,529024.5,30378.4,0.0543,159459.0,342648.9,67.07,187950.0,75.42,37670.5,36.63,19.65,27.92,52.43,Waste-to-Value
chemical,raw_materials,1972979.8,538567.4,69641.4,0.1145,182133.2,563975.8,75.91,40810.4,79.7,53898.8,44.07,16.15,21.13,62.72,Recycled Materials
textile,raw_materials,2095237.1,433134.9,78330.2,0.1531,133140.4,635926.6,88.18,22927.8,68.1,46728.5,51.63,16.95,20.7,62.35,Alternative Materials
chemical,transport,525974.0,154192.5,37770.9,0.1968,710092.9,196446.6,68.85,32362.0,65.19,148115.1,35.49,39.83,24.56,35.61,Transportation Optimization
chemical,raw_materials,1059707.4,484066.0,82943.8,0.1463,348517.0,467132.5,86.12,47249.0,62.05,47431.6,37.72,21.49,30.28,48.23,Recycled Materials
textile,waste,926203.2,420276.2,85343.5,0.1688,337877.6,427431.9,78.89,72000.6,71.0,94059.3,32.67,17.28,28.33,54.39,Material Reuse
chemical,electricity,342037.8,1171222.0,17705.8,0.0149,106033.0,71228.9,83.39,18356.9,55.54,41451.4,58.97,25.45,66.17,8.38,Renewable Energy Substitution
general,raw_materials,416798.0,401222.6,62551.9,0.1349,309455.3,237921.8,80.3,104701.6,65.54,17506.0,41.79,25.2,37.46,37.34,Recycling Loops
chemical,raw_materials,692470.7,297386.8,56621.2,0.1599,277856.0,222095.9,81.31,36586.2,80.47,81551.9,31.77,23.46,19.1,57.44,Material Reuse
metal_engineering,raw_materials,683210.8,687522.3,40911.4,0.0562,370844.0,296760.2,65.11,56335.7,40.49,34295.1,45.25,24.21,27.82,47.97,Recycling Loops
textile,raw_materials,3515583.4,207856.7,106259.9,0.3383,112312.6,1164963.3,87.08,36585.0,52.56,59875.0,49.05,18.93,16.01,65.06,Alternative Materials
chemical,electricity,556389.5,1595909.3,111183.9,0.0651,132318.9,217880.7,76.68,31626.5,74.9,19078.3,60.59,23.79,54.39,21.82,Renewable Energy Substitution
food_processing,electricity,312198.2,878353.6,255170.2,0.2251,772067.0,82895.8,74.72,40627.6,49.13,48483.1,31.81,29.15,37.29,33.56,Energy Optimization
general,raw_materials,1035418.6,813922.3,135175.5,0.1424,390822.7,615347.3,90.84,52294.2,71.42,25706.2,47.72,26.02,25.77,48.21,Recycled Materials
general,natural_gas,665445.0,1203985.9,347162.6,0.2238,359199.0,247951.9,75.49,38512.0,52.3,32139.2,29.88,29.43,39.88,30.69,Energy Optimization
general,raw_materials,2299219.5,253162.8,83391.6,0.2478,77177.3,666788.7,90.7,22640.4,60.46,24439.9,55.78,24.22,16.08,59.7,Alternative Materials
food_processing,waste,1144614.8,671083.0,46850.0,0.0653,102002.3,525659.9,65.06,229121.9,94.76,17301.8,32.66,22.43,29.14,48.43,Waste-to-Value
general,electricity,390492.5,1016694.9,112004.9,0.0992,111379.3,98828.0,78.5,13176.2,47.77,27628.7,63.25,13.69,61.43,24.88,Renewable Energy Substitution
general,natural_gas,1110849.0,502073.0,94905.7,0.159,639758.6,351012.7,74.03,35199.0,47.15,57740.1,47.01,51.78,32.34,15.88,Process Changes
textile,electricity,888848.4,1187254.9,85740.2,0.0674,282490.9,221338.8,66.11,34795.0,54.81,18830.7,67.54,17.6,54.71,27.69,Renewable Energy Substitution
textile,electricity,966552.1,849518.5,95007.1,0.1006,1004808.2,537828.8,67.4,48229.6,57.6,22445.8,40.77,51.27,26.98,21.75,Process Changes
metal_engineering,raw_materials,956379.5,563913.4,126593.5,0.1833,252380.7,285467.5,83.19,74632.2,71.5,27571.6,40.85,15.73,32.31,51.96,Recycled Materials
chemical,electricity,572718.7,1182450.4,143489.7,0.1082,863853.0,141765.4,70.14,42066.3,62.64,19161.6,38.05,39.38,38.14,22.48,Energy Optimization
metal_engineering,raw_materials,1153181.4,517936.0,136019.9,0.208,252473.9,329545.8,63.01,103317.6,62.57,24348.5,46.92,15.33,29.56,55.11,Recycling Loops
food_processing,coal,416946.7,1492059.7,70266.1,0.045,1347092.9,98367.0,52.76,10732.4,48.79,13205.7,49.42,60.46,29.33,10.21,Renewable Energy Substitution
food_processing,waste,2209823.0,707347.9,89071.9,0.1118,241306.6,631190.2,64.53,163405.0,96.86,33761.9,50.42,24.8,32.59,42.61,Waste-to-Value
food_processing,transport,1192217.3,262697.9,34416.5,0.1158,966114.0,343418.1,74.95,18243.1,57.78,121954.6,44.19,59.97,12.38,27.65,Transportation Optimization
general,diesel,641846.4,220665.8,75815.3,0.2557,872970.8,222768.3,54.65,23394.9,49.23,202532.7,37.84,36.34,21.69,41.97,Transportation Optimization
chemical,waste,1130344.8,741020.0,30988.2,0.0401,416050.4,607034.1,67.86,244970.0,81.62,41679.1,52.02,26.36,28.45,45.19,Waste-to-Value
food_processing,natural_gas,414512.0,552966.4,106946.2,0.1621,949319.0,151930.9,72.59,38104.2,63.34,46399.6,35.35,23.33,41.38,35.29,Energy Optimization
general,raw_materials,2649162.5,337072.8,149523.4,0.3073,391177.6,885293.1,87.79,47209.1,52.17,21226.1,43.67,16.94,28.02,55.04,Alternative Materials
chemical,natural_gas,700478.4,1490397.8,243165.7,0.1403,724382.7,157864.1,67.12,44479.9,63.66,49725.3,38.43,29.27,36.8,33.93,Energy Optimization
textile,electricity,811544.8,906172.0,227942.4,0.201,694963.0,285496.9,70.69,39280.4,67.41,20140.5,31.91,22.15,37.79,40.06,Energy Optimization
chemical,raw_materials,867520.4,747128.8,64833.7,0.0798,262130.1,424955.0,74.37,68086.3,87.28,32958.1,47.03,28.13,32.32,39.55,Recycled Materials
general,natural_gas,864395.4,1016858.5,331771.5,0.246,1010939.4,279996.0,64.36,33353.1,66.06,18890.2,41.51,23.66,51.16,25.18,Energy Optimization
food_processing,waste,954814.4,596697.5,112119.3,0.1582,238111.7,289922.2,67.13,146459.8,81.68,22007.4,48.4,15.12,28.09,56.79,Waste-to-Value
textile,waste,1212195.5,807374.4,123793.3,0.1329,327962.7,376730.8,72.61,81789.9,48.87,27625.7,26.67,16.98,38.3,44.72,Recycling Loops
chemical,raw_materials,1966529.6,677892.4,90481.6,0.1178,400959.2,595341.1,84.9,48565.2,81.94,48856.5,34.93,27.49,28.1,44.41,Recycled Materials
textile,electricity,512256.6,974068.2,5243.4,0.0054,123101.1,223331.4,61.88,13710.8,62.6,44881.0,46.51,16.99,74.16,8.85,Renewable Energy Substitution
textile,raw_materials,1107164.6,561748.5,34902.7,0.0585,390583.5,522228.4,68.08,68682.8,55.7,30656.1,29.22,17.83,37.89,44.28,Recycling Loops
general,raw_materials,673386.8,549265.8,33600.8,0.0576,234148.6,365103.5,72.17,77619.6,77.98,45503.0,38.31,20.9,23.55,55.55,Recycled Materials
general,transport,518106.6,412169.5,30983.7,0.0699,986124.7,192514.5,60.88,34991.4,63.34,314247.8,50.02,45.16,15.85,38.99,Transportation Optimization
chemical,raw_materials,2019312.4,642500.7,78788.3,0.1092,128611.7,707195.6,86.97,27055.5,64.95,36757.0,58.13,15.44,23.71,60.85,Alternative Materials
textile,raw_materials,880758.7,359950.0,41893.6,0.1043,216918.2,244395.8,75.48,52932.2,58.28,15180.5,32.97,25.16,32.26,42.58,Recycling Loops
textile,natural_gas,823117.5,948238.8,239615.5,0.2017,586706.8,249929.7,79.43,48020.0,51.65,22921.8,44.28,29.17,39.17,31.66,Energy Optimization
food_processing,natural_gas,752598.9,691594.9,232268.7,0.2514,661294.3,196247.8,62.45,33903.8,60.28,49919.6,44.58,39.33,41.97,18.7,Energy Optimization
chemical,coal,291841.0,1633116.7,178639.9,0.0986,988927.3,81334.4,74.81,26180.6,69.91,12840.6,63.62,50.87,28.1,21.03,Renewable Energy Substitution
food_processing,natural_gas,586017.0,1202548.1,352948.9,0.2269,553762.5,143335.6,78.12,27594.1,46.58,36020.9,30.12,35.93,47.83,16.24,Energy Optimization
chemical,transport,387202.6,314638.7,42949.5,0.1201,1287684.8,127187.3,77.9,25641.1,45.52,219393.6,35.46,35.44,19.46,45.1,Transportation Optimization
food_processing,waste,1115813.2,451493.6,41288.1,0.0838,61701.9,309448.4,85.49,77712.3,90.81,94497.5,28.27,25.38,28.49,46.13,Material Reuse
metal_engineering,raw_materials,1571785.1,458781.0,129295.3,0.2199,425975.9,755716.4,86.74,35324.7,62.65,44463.2,39.37,21.49,20.47,58.04,Recycled Materials
metal_engineering,coal,306827.5,1288102.6,57430.0,0.0427,1091829.2,70063.9,76.67,20960.2,70.79,42442.9,40.68,64.77,29.2,6.03,Renewable Energy Substitution
food_processing,electricity,406415.2,1519860.7,155360.7,0.0927,104080.0,151166.6,83.81,38410.9,63.93,37923.5,44.94,28.04,63.54,8.42,Renewable Energy Substitution
metal_engineering,coal,575690.4,1425957.8,80560.8,0.0535,1843042.3,161988.1,60.23,32279.0,57.7,15674.6,56.15,63.18,31.83,4.99,Renewable Energy Substitution
textile,raw_materials,2027832.1,615519.5,37476.6,0.0574,154788.5,622844.0,96.26,31150.4,56.32,58297.9,38.19,24.97,25.15,49.88,Alternative Materials
general,raw_materials,1590973.3,575058.9,138750.9,0.1944,329715.0,683688.0,87.1,72421.2,69.42,38830.8,48.8,28.92,32.31,38.77,Recycled Materials
chemical,diesel,672323.7,355913.7,28295.4,0.0736,1204424.4,313333.3,73.23,10012.7,55.15,144104.0,54.75,38.82,20.0,41.18,Transportation Optimization
food_processing,diesel,742960.8,390251.9,63227.8,0.1394,1534648.4,212419.6,72.94,10162.9,54.31,272598.0,48.38,46.85,19.67,33.48,Transportation Optimization
chemical,waste,1001055.3,241358.0,54520.6,0.1843,118975.5,330581.1,70.83,105540.3,92.65,69008.4,32.09,20.72,23.24,56.04,Material Reuse
chemical,natural_gas,1458902.6,631949.7,58002.6,0.0841,947039.8,442224.0,84.14,56417.7,73.21,25624.2,31.57,46.15,30.81,23.04,Process Changes
general,natural_gas,968446.8,1190974.2,383176.3,0.2434,707721.6,249761.0,76.86,39880.6,57.69,36905.3,39.91,25.06,51.19,23.75,Energy Optimization
general,diesel,400751.0,409263.8,65601.0,0.1381,1597425.5,193864.9,70.45,17606.3,62.17,196483.9,47.54,45.4,12.43,42.17,Transportation Optimization
chemical,waste,876107.1,674609.6,70625.4,0.0948,404643.8,379722.5,83.17,192744.8,80.92,31922.5,43.33,17.07,28.87,54.06,Waste-to-Value
textile,waste,1026508.1,687028.3,119789.5,0.1485,185640.2,621124.8,80.58,103878.7,77.26,44382.6,37.4,28.06,20.06,51.88,Waste-to-Value
chemical,raw_materials,811287.3,674103.2,49693.2,0.0687,223876.7,381166.7,89.99,66822.0,80.29,30533.8,35.68,26.35,27.11,46.54,Recycled Materials
chemical,natural_gas,511492.4,894853.7,146491.5,0.1407,441150.3,232367.0,61.86,47822.7,65.67,45012.7,43.41,28.17,51.93,19.9,Energy Optimization
chemical,raw_materials,1666833.2,469497.6,82957.6,0.1502,457637.7,865196.7,89.64,48069.6,83.41,36671.8,41.95,18.07,28.87,53.06,Recycled Materials
metal_engineering,raw_materials,1357435.1,463075.9,47521.1,0.0931,219324.6,380854.4,74.39,92504.8,66.25,27747.2,28.31,27.87,29.65,42.48,Recycling Loops
food_processing,waste,937510.2,455705.2,26011.4,0.054,90260.7,375664.9,72.81,88096.1,83.94,50361.3,38.02,16.74,25.73,57.53,Material Reuse
general,raw_materials,2223587.8,487744.4,70664.4,0.1265,339067.3,812962.2,90.83,30824.8,64.64,53065.8,46.73,28.24,23.04,48.72,Recycled Materials
textile,raw_materials,632535.4,576874.2,61479.4,0.0963,155692.7,231920.2,66.14,55137.5,86.36,67017.0,43.88,20.94,28.88,50.18,Material Reuse
textile,raw_materials,1298149.1,346146.7,87329.2,0.2015,216386.1,465570.9,86.3,35682.4,71.89,50021.5,38.39,28.32,24.2,47.48,Material Reuse
textile,waste,1004358.6,436694.7,63457.1,0.1269,326660.6,347249.5,66.05,55215.2,67.12,18242.7,35.98,22.6,35.31,42.09,Recycling Loops
food_processing,natural_gas,592017.7,1161402.0,210467.8,0.1534,764684.9,177862.4,66.78,44684.8,57.09,44145.3,29.79,22.82,54.55,22.63,Energy Optimization
chemical,waste,1997665.1,417956.9,37752.6,0.0828,125960.4,696085.9,76.39,162998.3,92.61,40202.3,50.17,15.25,22.8,61.95,Waste-to-Value
metal_engineering,transport,285598.7,405104.6,42765.1,0.0955,629801.3,119794.3,69.46,34121.6,56.56,206554.3,40.28,41.42,10.31,48.27,Transportation Optimization
metal_engineering,waste,1452871.5,422457.1,108914.4,0.205,381855.5,437497.5,73.5,81493.0,51.41,26891.4,39.26,28.68,37.62,33.7,Recycling Loops
general,raw_materials,1006201.6,714993.4,174845.8,0.1965,257422.1,334966.3,84.78,65112.0,77.25,27238.6,42.09,19.68,26.41,53.91,Recycled Materials
chemical,waste,1289838.3,368463.9,90895.3,0.1979,441285.7,681139.0,65.87,79062.9,78.41,36061.1,48.14,25.11,25.04,49.85,Waste-to-Value
food_processing,waste,955063.7,404784.7,83604.0,0.1712,286935.6,309134.7,64.11,104991.6,86.56,23135.3,53.69,21.96,20.88,57.16,Waste-to-Value
general,raw_materials,1485935.4,649878.1,139533.3,0.1768,245929.0,666627.6,80.26,35446.5,81.05,39476.3,39.17,28.67,20.31,51.02,Recycled Materials
chemical,electricity,418027.7,1425536.0,170548.9,0.1069,93339.5,79096.5,82.03,36461.5,41.13,36309.7,58.35,29.19,59.84,10.97,Renewable Energy Substitution
chemical,transport,503261.7,341583.4,29003.9,0.0783,1632246.8,233724.6,70.87,26321.8,49.6,145928.5,40.9,54.92,18.79,26.29,Transportation Optimization
chemical,waste,1399785.5,693265.3,78416.8,0.1016,188234.5,677444.9,72.08,123021.1,79.17,22333.6,50.82,24.22,33.7,42.08,Waste-to-Value
chemical,waste,833204.0,528759.1,115904.4,0.1798,407671.7,402258.2,67.29,104537.1,87.25,18427.5,43.73,15.02,24.86,60.12,Waste-to-Value
metal_engineering,waste,592852.5,445799.8,91397.5,0.1701,73588.0,265820.2,70.71,109101.0,79.73,78956.8,38.69,18.18,19.78,62.04,Material Reuse
metal_engineering,raw_materials,2770415.1,657630.1,179360.2,0.2143,274104.9,848449.4,77.59,28010.3,66.13,34654.3,36.39,15.0,33.73,51.27,Recycled Materials
food_processing,electricity,771996.0,1006366.3,223967.5,0.182,625626.6,298718.2,62.22,35657.5,62.04,47701.6,41.26,32.88,37.34,29.78,Energy Optimization
food_processing,waste,464530.2,534551.4,97955.1,0.1549,342680.6,172846.9,83.9,83473.2,86.18,42701.0,38.0,28.88,32.28,38.84,Material Reuse
textile,waste,2183867.1,420935.6,70514.1,0.1435,196488.8,631747.8,71.1,107958.5,66.28,21638.6,38.58,28.41,32.13,39.46,Recycling Loops
textile,electricity,458227.8,501221.5,37326.2,0.0693,1465735.7,181932.4,63.71,20996.0,63.85,43294.8,51.71,52.74,33.22,14.04,Process Changes
chemical,raw_materials,1836012.2,687343.3,36837.8,0.0509,478388.4,797407.5,76.53,29245.3,65.1,24443.1,34.47,22.78,23.69,53.53,Recycled Materials
food_processing,transport,385431.2,235791.7,31578.9,0.1181,713867.0,216539.0,67.63,24454.1,56.3,167894.5,50.37,55.66,15.19,29.15,Transportation Optimization
chemical,transport,480080.7,230005.5,42993.4,0.1575,1413283.9,156174.1,70.41,19852.3,63.87,98472.2,49.37,51.06,24.03,24.91,Transportation Optimization
textile,raw_materials,679788.2,367905.0,137805.7,0.2725,205990.1,302339.8,64.28,100084.2,61.33,31088.8,27.94,28.4,30.84,40.76,Recycling Loops
textile,waste,987339.2,438503.4,76779.0,0.149,52207.3,331372.0,65.86,77692.3,93.02,93105.1,35.81,21.87,33.9,44.23,Material Reuse
textile,waste,1175705.7,512543.8,66332.4,0.1146,270513.8,592492.0,61.19,74692.3,45.54,32383.9,28.33,24.97,29.29,45.74,Recycling Loops
metal_engineering,coal,1563119.7,548459.7,144756.5,0.2088,945638.7,499008.2,73.12,21001.3,66.5,24409.3,47.37,38.36,31.91,29.73,Process Changes
metal_engineering,transport,1183673.0,483819.8,66711.2,0.1212,1089129.8,346452.6,65.26,16942.9,49.09,141483.7,35.77,39.61,10.95,49.44,Transportation Optimization
food_processing,transport,549829.2,307663.6,25982.2,0.0779,991649.0,190914.0,53.24,23672.7,62.91,222357.4,53.48,38.19,16.53,45.28,Transportation Optimization
chemical,electricity,385436.6,2356028.4,13119.6,0.0055,135652.8,54561.5,59.53,35860.2,41.28,25265.1,43.29,20.42,70.17,9.41,Renewable Energy Substitution
metal_engineering,natural_gas,482948.6,1018995.5,273221.1,0.2114,339899.0,128634.5,69.11,26585.2,62.82,32890.6,30.73,37.89,40.86,21.25,Energy Optimization
food_processing,coal,520487.2,932038.5,70020.6,0.0699,628745.6,156423.5,62.68,33166.8,61.55,22560.0,33.0,38.62,37.64,23.74,Process Changes
metal_engineering,raw_materials,927533.1,734759.0,46738.9,0.0598,343327.8,432682.3,73.82,45886.3,84.04,33723.3,47.02,16.88,31.59,51.53,Recycled Materials
general,electricity,723241.6,861128.3,50909.7,0.0558,275259.6,225407.7,51.64,19111.0,55.52,16029.3,60.44,14.61,55.4,29.99,Renewable Energy Substitution
metal_engineering,raw_materials,1095117.0,797793.0,77806.8,0.0889,236189.5,617340.3,73.02,83883.9,60.24,32230.7,28.35,27.32,31.53,41.15,Recycling Loops
metal_engineering,electricity,592098.3,2025501.6,235230.5,0.1041,78720.8,166145.0,74.22,36703.0,70.59,44230.0,54.34,30.77,57.82,11.41,Renewable Energy Substitution
textile,waste,707030.3,225959.7,57258.0,0.2022,122073.5,314431.5,75.48,78660.9,78.92,44856.2,35.07,27.45,28.28,44.27,Material Reuse
metal_engineering,waste,771290.8,247384.7,21091.2,0.0786,140965.9,394296.7,83.18,57181.5,82.39,60267.1,33.21,18.47,17.73,63.8,Material Reuse
chemical,electricity,1292696.2,866405.2,52060.5,0.0567,1341975.4,447694.1,82.58,20381.9,51.5,53087.5,44.75,52.89,26.14,20.97,Process Changes
chemical,raw_materials,715531.0,343848.9,123351.5,0.264,492471.1,373570.0,87.44,74934.4,88.31,53604.7,42.43,29.36,31.04,39.6,Recycled Materials
chemical,raw_materials,1991471.6,781947.2,32207.1,0.0396,285410.7,699375.2,97.15,27086.0,70.78,53524.6,58.78,20.25,22.46,57.29,Alternative Materials
food_processing,coal,492309.2,941069.5,85885.8,0.0836,1903719.1,152359.0,50.09,21251.8,43.9,24566.6,62.12,53.77,23.64,22.59,Renewable Energy Substitution
textile,waste,812654.2,744946.1,63653.5,0.0787,103837.3,284896.3,76.31,176295.1,93.12,22616.5,49.09,25.32,24.84,49.84,Waste-to-Value
general,waste,1301393.6,345444.6,37345.1,0.0976,250883.4,489733.8,69.04,79783.7,80.6,61801.3,30.08,27.38,24.71,47.91,Material Reuse
textile,coal,848867.7,652224.4,39082.8,0.0565,1255503.3,377130.4,68.74,51733.5,61.12,38769.8,41.25,47.73,38.2,14.07,Process Changes
metal_engineering,raw_materials,853492.9,706435.9,114867.2,0.1399,471657.9,501759.6,71.46,26053.6,84.81,38365.7,47.5,18.52,25.18,56.3,Recycled Materials
chemical,raw_materials,2598367.3,479123.4,27818.5,0.0549,246803.9,1161862.8,87.45,47600.2,56.03,41433.1,40.13,16.76,26.34,56.9,Alternative Materials
chemical,waste,994737.9,474285.1,88718.4,0.1576,76632.0,452748.2,72.37,48374.9,75.98,60078.1,30.02,19.81,17.7,62.49,Material Reuse
metal_engineering,electricity,316382.6,997428.2,49634.5,0.0474,246573.5,132571.9,74.38,25216.4,48.44,37865.3,42.36,23.12,51.27,25.61,Renewable Energy Substitution
metal_engineering,raw_materials,598150.0,466814.7,92926.2,0.166,153686.1,367527.6,65.89,49007.9,90.78,81006.1,32.01,20.65,25.67,53.68,Material Reuse
food_processing,coal,604936.1,2220668.9,69430.1,0.0303,1424688.4,234647.9,53.36,25090.9,55.97,24357.2,63.4,52.61,16.27,31.12,Renewable Energy Substitution
general,raw_materials,1041546.1,838853.9,59510.4,0.0662,93113.0,517278.5,71.27,49067.8,64.76,15779.4,45.14,17.08,26.91,56.01,Recycling Loops
textile,raw_materials,1138877.1,719621.9,113543.5,0.1363,363543.7,528065.2,83.2,69939.1,57.61,15352.0,26.15,18.6,26.51,54.89,Recycling Loops
general,raw_materials,1831788.0,403670.1,125927.3,0.2378,78040.2,1105335.0,92.67,52691.9,63.57,45743.1,49.58,20.97,16.22,62.81,Alternative Materials
textile,coal,800520.4,1009786.0,108061.3,0.0967,724694.3,368094.3,79.13,60305.1,68.69,27810.7,43.19,41.64,25.18,33.18,Process Changes
chemical,diesel,730238.6,346507.2,38853.5,0.1008,653266.8,210740.8,64.97,15286.5,45.19,206935.8,47.23,41.0,18.81,40.19,Transportation Optimization
metal_engineering,electricity,1010458.6,1283960.8,379062.2,0.2279,1134465.4,297785.7,71.63,18810.9,56.48,42566.0,28.47,21.14,36.34,42.52,Energy Optimization
general,electricity,324902.5,1514598.4,6678.8,0.0044,115108.8,92624.6,80.36,27966.1,66.73,43488.9,58.03,34.57,54.35,11.08,Renewable Energy Substitution
metal_engineering,natural_gas,709618.3,972387.3,151339.1,0.1347,997787.0,352621.5,60.82,23119.2,52.73,41755.9,46.27,47.1,32.84,20.06,Process Changes
chemical,raw_materials,2903237.0,376771.6,21861.0,0.0548,308254.3,1050730.1,95.37,25714.0,72.6,50756.9,52.49,21.49,27.69,50.82,Alternative Materials
metal_engineering,coal,443013.6,1083822.8,11772.9,0.0107,1549394.7,194354.1,56.04,10845.7,54.29,30395.2,59.77,61.2,27.21,11.59,Renewable Energy Substitution
chemical,coal,1287111.4,702537.5,142161.9,0.1683,1504185.6,451972.7,65.68,59973.8,56.63,43049.2,48.29,38.77,40.69,20.54,Process Changes
general,raw_materials,1797781.8,476514.5,57747.8,0.1081,250950.5,570710.8,62.58,124871.9,67.83,19531.3,41.66,20.77,31.03,48.2,Recycling Loops
food_processing,diesel,786384.2,308364.5,48200.9,0.1352,1238050.8,345970.1,65.52,15769.6,59.89,273382.3,40.3,51.13,12.2,36.67,Transportation Optimization
food_processing,transport,910953.5,249431.5,74829.0,0.2308,1112572.7,276095.6,63.8,19461.0,46.7,247824.0,50.67,41.87,21.84,36.29,Transportation Optimization
general,raw_materials,1153239.7,876930.4,96727.9,0.0993,295619.4,478572.4,90.01,56292.6,82.87,48413.2,38.84,21.51,32.73,45.76,Recycled Materials
textile,natural_gas,656197.2,809462.2,170080.1,0.1736,541086.8,350105.8,81.36,46458.8,53.31,35907.2,44.97,52.82,25.82,21.36,Process Changes
metal_engineering,waste,544134.7,594180.0,126425.8,0.1754,371995.2,319688.3,71.55,89423.0,73.22,39965.4,31.18,25.9,30.67,43.43,Recycling Loops
general,electricity,859515.6,951858.7,140972.9,0.129,1104696.8,292207.6,69.57,18640.4,64.63,39399.9,34.03,36.91,53.31,9.78,Energy Optimization
general,waste,384908.1,645190.9,65403.1,0.092,158872.9,204052.5,65.89,52395.5,61.43,19163.6,37.63,23.85,29.47,46.68,Recycling Loops
textile,coal,363468.0,1541338.9,124373.9,0.0747,891851.3,114958.6,82.62,30355.9,68.93,19488.9,55.23,64.43,21.37,14.2,Renewable Energy Substitution
food_processing,electricity,517455.1,426506.8,70256.8,0.1414,1016613.2,180641.4,77.65,37714.9,53.18,20135.2,45.84,51.68,32.9,15.42,Process Changes
general,waste,795777.7,808394.9,90399.2,0.1006,266559.5,380743.9,83.73,109946.7,49.99,36105.2,35.51,27.43,37.34,35.23,Recycling Loops
metal_engineering,diesel,1100247.9,183962.5,53675.6,0.2259,1798384.7,383340.7,50.08,29884.5,50.61,104639.8,39.7,43.04,17.85,39.11,Transportation Optimization
textile,natural_gas,565800.8,1075108.0,130951.4,0.1086,835037.9,164251.9,83.39,46375.4,53.94,25965.4,48.25,50.21,40.08,9.71,Process Changes
general,waste,930525.2,604668.0,79564.1,0.1163,171368.0,334119.1,69.58,115201.4,73.85,25966.4,34.65,27.7,31.4,40.9,Recycling Loops
textile,waste,1104451.0,518930.2,86499.7,0.1429,336974.6,368142.6,69.7,48612.1,72.01,17275.9,40.26,21.2,31.08,47.72,Recycling Loops
food_processing,diesel,888500.8,366284.4,59393.8,0.1395,1061454.6,360722.7,54.87,32097.1,50.27,118757.3,47.6,44.4,22.23,33.37,Transportation Optimization
chemical,coal,459556.1,2266435.0,213436.5,0.0861,1295955.9,70488.4,74.84,20884.9,43.0,39486.3,49.47,49.36,32.43,18.21,Renewable Energy Substitution
chemical,electricity,747565.9,1114565.3,125481.7,0.1012,1258274.1,417042.9,71.24,51020.2,47.09,54394.1,47.11,39.9,40.36,19.74,Process Changes
metal_engineering,natural_gas,728673.8,1195604.1,31801.4,0.0259,1095011.8,379466.6,82.86,42770.2,61.31,38866.1,35.92,36.12,33.17,30.71,Process Changes
chemical,raw_materials,517053.6,558034.1,97764.3,0.1491,307797.5,188506.2,86.79,66751.9,70.23,61543.6,25.92,23.16,21.77,55.07,Material Reuse
metal_engineering,raw_materials,1271136.4,549465.1,94341.7,0.1465,316362.0,702679.4,85.45,34443.2,75.0,34418.5,49.41,24.47,27.99,47.54,Recycled Materials
chemical,natural_gas,735659.4,701184.1,161836.5,0.1875,611566.8,195696.5,64.64,16666.4,59.31,26754.9,31.09,26.48,35.99,37.53,Energy Optimization
metal_engineering,raw_materials,1718255.4,784179.3,98949.7,0.112,318630.9,531330.4,70.97,34116.2,73.37,27321.5,33.0,27.01,33.91,39.08,Recycled Materials
textile,raw_materials,1414529.8,276827.5,39747.4,0.1256,98589.5,876787.3,87.55,33826.7,76.9,38958.5,52.69,12.58,17.88,69.54,Alternative Materials
chemical,waste,533553.6,450421.9,26022.3,0.0546,83719.1,167258.1,70.92,45174.6,76.5,58103.5,43.86,24.16,31.7,44.14,Material Reuse
food_processing,waste,1265022.1,623385.2,55919.6,0.0823,333883.0,558442.1,74.53,242152.6,75.49,37159.6,53.97,27.93,22.52,49.55,Waste-to-Value
textile,waste,1543156.1,674839.3,104812.1,0.1344,294105.6,624050.5,80.58,43777.5,56.49,24948.8,32.82,21.77,30.76,47.47,Recycling Loops
general,waste,1475350.1,776817.6,112141.8,0.1261,354485.0,422742.3,63.27,102659.9,47.21,26030.7,27.43,27.38,26.89,45.73,Recycling Loops
general,electricity,637994.0,1104562.7,221985.9,0.1673,996800.0,213300.0,69.89,46954.5,54.43,22699.3,38.34,32.48,43.78,23.74,Energy Optimization
food_processing,transport,876616.3,487407.3,16426.2,0.0326,1522453.1,389667.1,60.17,26202.8,56.87,265146.7,54.52,50.08,22.24,27.68,Transportation Optimization
chemical,waste,1104541.8,468290.9,41555.2,0.0815,133256.8,476694.6,81.64,78289.0,86.19,36758.0,37.36,22.64,25.91,51.45,Material Reuse
chemical,raw_materials,2833289.1,343277.7,78661.1,0.1864,394746.4,994811.2,85.38,22608.2,63.92,56368.8,49.85,17.47,16.58,65.95,Alternative Materials
chemical,waste,817951.4,754937.0,76750.3,0.0923,168142.9,319265.7,73.4,80423.3,55.4,17278.4,41.81,18.21,27.95,53.84,Recycling Loops
general,raw_materials,1403402.7,874280.9,94065.8,0.0971,290040.1,833670.9,81.55,63900.3,67.57,35635.4,34.47,18.09,20.01,61.9,Recycled Materials
metal_engineering,raw_materials,1102427.6,646273.6,83568.2,0.1145,415019.6,413150.9,82.41,44721.8,79.7,28414.0,35.83,28.77,21.53,49.7,Recycled Materials
textile,natural_gas,632912.0,1150178.1,151570.3,0.1164,755553.1,196415.9,70.29,34932.2,45.47,39893.0,40.11,22.31,46.4,31.29,Energy Optimization
metal_engineering,natural_gas,438960.8,989539.5,271226.8,0.2151,399398.8,177052.7,76.18,32686.7,62.57,41101.3,32.31,37.51,44.2,18.29,Energy Optimization
food_processing,waste,1266130.2,436657.7,108084.8,0.1984,174671.3,362695.2,63.77,177906.2,84.66,33398.5,49.04,23.19,29.41,47.4,Waste-to-Value
metal_engineering,raw_materials,2695103.3,678977.1,104495.3,0.1334,295688.4,1016213.4,97.46,33519.8,61.27,23759.3,50.72,10.54,21.98,67.48,Alternative Materials
textile,coal,390202.9,1551697.1,104589.4,0.0631,1713063.0,88064.2,80.51,32726.5,65.29,13038.2,40.61,56.88,32.26,10.86,Renewable Energy Substitution
general,raw_materials,3342416.9,572043.7,89349.9,0.1351,362862.4,1009737.5,87.12,32468.9,57.45,49757.9,38.74,18.55,26.44,55.01,Alternative Materials
metal_engineering,raw_materials,1822855.4,802420.2,55459.3,0.0646,107657.9,756416.7,83.41,63480.2,85.14,48098.4,51.22,23.04,27.33,49.63,Recycled Materials
chemical,raw_materials,2058982.8,510467.8,75955.6,0.1295,160931.3,691136.4,95.83,44076.9,76.78,37735.2,51.36,19.47,23.88,56.65,Alternative Materials
general,waste,386744.3,492649.8,79740.1,0.1393,122725.0,221581.0,79.39,91361.5,66.62,18746.6,38.58,18.8,28.42,52.78,Recycling Loops
general,diesel,640143.2,291508.9,47138.1,0.1392,1028077.6,395672.4,71.23,21223.3,40.36,209711.2,57.58,48.08,12.74,39.18,Transportation Optimization
general,electricity,1493681.4,915153.8,121928.2,0.1176,1291116.2,407121.4,72.99,50680.9,58.48,29666.8,30.03,46.2,36.81,16.99,Process Changes
chemical,raw_materials,733226.4,650725.9,175398.3,0.2123,251135.7,290323.9,77.46,52826.2,64.86,43033.6,51.95,21.78,25.32,52.9,Recycled Materials
metal_engineering,raw_materials,1867117.8,504984.7,127269.7,0.2013,127376.3,833308.3,72.63,43031.4,84.47,40905.9,39.87,22.1,32.82,45.08,Recycled Materials
textile,natural_gas,597253.2,788298.3,60162.5,0.0709,636865.7,288020.3,63.44,64922.1,46.48,37645.7,39.95,41.01,36.43,22.56,Process Changes
food_processing,waste,1743147.1,376097.6,55851.3,0.1293,392179.5,580902.6,68.23,161451.7,76.42,21262.4,42.15,16.29,32.65,51.06,Waste-to-Value
chemical,raw_materials,1066573.2,567544.1,133580.8,0.1905,303390.6,408502.6,97.63,22657.8,66.02,25685.5,38.26,16.33,19.43,64.24,Alternative Materials
general,raw_materials,1132867.3,552998.0,21609.7,0.0376,275818.1,315820.7,75.28,35532.2,90.48,56589.5,35.82,25.16,29.05,45.79,Material Reuse
textile,natural_gas,850353.1,582734.8,93452.2,0.1382,1113079.6,505437.0,68.15,26010.1,59.68,49868.9,32.42,43.49,25.36,31.15,Process Changes
food_processing,transport,683117.7,443832.7,65697.6,0.1289,675904.8,209460.3,78.66,19800.7,55.79,171705.9,47.5,54.34,22.81,22.85,Transportation Optimization
chemical,transport,528633.5,321914.1,59127.4,0.1552,775026.7,177341.2,67.58,17975.7,54.99,176021.2,48.65,47.18,10.07,42.75,Transportation Optimization
chemical,raw_materials,1102006.0,743127.6,39569.2,0.0506,254889.3,433797.5,76.7,79062.1,79.28,45118.7,51.53,20.66,32.03,47.31,Recycled Materials
general,raw_materials,1486134.0,654957.9,23196.3,0.0342,57743.2,591249.2,91.84,50816.3,70.5,37836.1,44.02,24.96,21.39,53.65,Alternative Materials
metal_engineering,coal,359744.7,717783.3,26356.7,0.0354,1088533.9,98205.9,52.26,25895.9,49.57,37861.3,40.23,61.27,33.78,4.95,Renewable Energy Substitution
metal_engineering,raw_materials,880723.8,745375.3,55172.2,0.0689,148145.4,293943.1,85.93,76084.4,72.92,24169.9,42.25,20.23,25.62,54.15,Recycled Materials
chemical,diesel,587373.2,238179.1,16446.3,0.0646,762968.5,297734.4,79.33,12786.6,53.86,131546.4,51.37,37.95,13.6,48.45,Transportation Optimization
chemical,raw_materials,2006213.3,378831.3,33697.4,0.0817,323638.4,879734.3,85.67,34402.0,78.7,40016.0,47.52,16.87,18.13,65.0,Alternative Materials
chemical,coal,573307.5,2330389.8,14948.7,0.0064,962583.8,107629.0,71.92,13936.7,70.88,38999.3,58.26,54.17,33.66,12.17,Renewable Energy Substitution
chemical,natural_gas,423146.2,1039089.0,310888.4,0.2303,1058187.7,168270.6,68.6,20186.2,46.19,37442.5,29.1,34.68,45.78,19.54,Energy Optimization
food_processing,transport,558526.3,476811.7,37544.8,0.073,1681055.9,197571.5,71.98,28410.4,40.55,173043.7,32.51,59.93,11.83,28.24,Transportation Optimization
chemical,raw_materials,1071138.5,477494.5,30166.8,0.0594,208781.8,391629.4,84.56,59854.1,77.8,20568.5,46.58,19.85,29.98,50.17,Recycled Materials
food_processing,waste,473622.9,350487.0,100057.0,0.2221,374296.0,256303.6,82.8,96979.6,89.1,44569.0,52.06,29.35,25.14,45.51,Waste-to-Value
textile,raw_materials,957824.7,537664.4,89270.1,0.1424,222756.6,454168.2,71.76,44317.1,70.87,26109.8,38.96,17.09,25.05,57.86,Recycling Loops
metal_engineering,natural_gas,629536.5,1278514.3,374001.1,0.2263,503654.4,294587.7,79.9,17645.9,68.41,25130.7,39.72,26.76,54.36,18.88,Energy Optimization
chemical,raw_materials,906829.7,527344.3,33734.3,0.0601,292349.4,392507.4,77.79,87464.6,80.3,43303.9,38.32,22.87,27.79,49.34,Material Reuse
chemical,waste,893627.2,582744.4,121210.0,0.1722,222010.7,456883.9,73.18,43438.3,61.53,35701.1,29.47,23.91,33.9,42.19,Recycling Loops
chemical,electricity,737799.7,1008347.1,263926.2,0.2074,765163.6,275629.9,79.79,19054.2,48.25,19561.3,39.58,27.45,49.67,22.88,Energy Optimization
general,waste,490259.5,446171.6,52457.2,0.1052,62324.7,271551.0,71.1,86456.8,93.72,51082.8,41.23,15.83,25.76,58.41,Material Reuse
food_processing,waste,1004952.1,542610.2,51683.9,0.087,418577.6,352055.0,71.24,163314.9,77.31,42964.9,39.36,16.21,25.81,57.98,Waste-to-Value
food_processing,natural_gas,364751.6,1289383.0,300774.0,0.1891,820326.6,91569.1,65.11,37342.4,66.48,47094.4,36.51,30.91,51.66,17.43,Energy Optimization
textile,raw_materials,906539.2,298114.3,70840.6,0.192,389294.3,532320.1,94.19,33007.6,73.2,25234.9,59.34,16.81,18.54,64.65,Alternative Materials
general,waste,1047512.5,581290.0,78416.3,0.1189,243977.1,502721.1,69.68,62617.7,45.82,23736.9,42.32,26.35,35.0,38.65,Recycling Loops
chemical,transport,836527.0,381564.0,73824.7,0.1621,814510.2,244970.8,77.26,18065.3,69.03,112327.8,55.47,46.13,11.11,42.76,Transportation Optimization
textile,raw_materials,1397478.5,427017.9,111785.3,0.2075,250236.3,564065.5,79.52,59350.4,65.05,35001.4,33.61,17.59,25.04,57.37,Recycling Loops
textile,coal,619886.1,721396.2,40636.2,0.0533,1344257.4,178501.1,83.05,22293.8,59.38,48921.4,38.65,39.34,40.18,20.48,Process Changes
chemical,waste,1024723.5,654230.1,40194.4,0.0579,197217.4,364907.9,76.26,203829.0,92.24,30296.2,50.27,21.56,21.86,56.58,Waste-to-Value
chemical,raw_materials,496688.9,605912.4,105191.3,0.1479,120097.2,272692.5,82.13,49099.8,85.18,25623.8,32.5,21.74,23.56,54.7,Recycled Materials
textile,waste,1152468.8,252399.9,73365.8,0.2252,294431.5,612469.2,72.61,234129.0,89.45,40210.1,33.71,27.83,30.13,42.04,Waste-to-Value
general,raw_materials,970271.1,594240.3,74934.3,0.112,123084.4,429494.5,67.46,93552.4,92.75,57970.0,37.61,21.45,23.76,54.79,Material Reuse
metal_engineering,electricity,631109.2,643375.7,124488.4,0.1621,965360.7,281561.2,69.15,37498.8,47.58,46656.2,37.67,35.61,50.89,13.5,Energy Optimization
food_processing,waste,2212578.1,693147.9,50791.0,0.0683,113640.3,623895.1,81.6,173283.9,88.21,39393.6,49.66,28.35,28.29,43.36,Waste-to-Value
general,waste,661566.6,565899.7,33356.0,0.0557,86346.6,179893.0,85.92,49521.8,80.41,61931.1,36.98,16.08,19.54,64.38,Material Reuse
food_processing,waste,879772.3,321904.4,34544.7,0.0969,75773.1,399941.7,69.51,86755.7,79.76,59946.5,34.38,20.52,17.01,62.47,Material Reuse
food_processing,diesel,389638.5,481026.9,49929.6,0.094,608304.1,103316.3,66.34,20881.8,53.54,182093.1,55.86,43.98,22.84,33.18,Transportation Optimization
textile,electricity,634954.0,494141.2,56378.7,0.1024,1352196.0,355542.9,60.26,50308.2,57.71,40434.1,34.71,45.75,44.31,9.94,Process Changes
general,raw_materials,2723387.9,211034.4,138858.8,0.3969,91212.9,818864.8,88.84,42167.1,69.54,53189.7,42.54,10.16,17.05,72.79,Alternative Materials
general,transport,1056781.7,456595.6,76039.5,0.1428,1341488.9,364417.3,53.94,29936.2,43.57,183842.4,40.42,49.64,14.52,35.84,Transportation Optimization
metal_engineering,raw_materials,1609377.7,641042.6,124452.5,0.1626,148712.1,459695.6,95.51,52273.4,79.72,36504.7,46.18,21.65,20.11,58.24,Alternative Materials
metal_engineering,natural_gas,453269.3,1217692.3,165349.3,0.1196,596111.4,177246.1,63.84,30748.6,48.93,34565.2,39.28,21.25,52.42,26.33,Energy Optimization
food_processing,waste,664786.5,550062.0,39844.8,0.0675,287434.1,315211.0,78.59,160331.1,84.46,23063.9,54.97,16.08,20.65,63.27,Waste-to-Value
food_processing,electricity,312278.2,745924.4,80546.2,0.0975,50981.5,122845.6,55.9,32720.3,41.77,29372.0,48.26,13.34,68.15,18.51,Renewable Energy Substitution
metal_engineering,raw_materials,2505639.2,626606.9,65061.1,0.0941,355109.7,783043.9,70.91,52397.1,80.68,28830.9,38.16,24.2,33.47,42.33,Recycled Materials
textile,raw_materials,2298788.4,585539.1,74762.2,0.1132,272662.1,1007086.5,86.66,36396.2,75.19,35353.3,50.58,18.82,17.77,63.41,Alternative Materials
chemical,raw_materials,872001.4,431307.1,64250.3,0.1297,239492.7,438730.5,92.75,41668.2,72.86,53346.0,47.69,14.53,18.89,66.58,Alternative Materials
food_processing,waste,1154863.2,610954.8,102013.2,0.1431,244164.1,573209.6,70.1,188886.6,92.57,44757.8,38.63,21.17,22.48,56.35,Waste-to-Value
food_processing,electricity,930385.1,931987.6,106413.2,0.1025,829283.5,246384.9,68.27,29708.1,47.21,22067.9,30.63,29.63,45.59,24.78,Energy Optimization
food_processing,diesel,935325.3,269003.2,19217.1,0.0667,1206530.0,280490.7,50.18,12389.4,46.22,170052.0,46.07,42.35,14.14,43.51,Transportation Optimization
food_processing,waste,869313.0,364450.9,38746.0,0.0961,55895.4,457787.6,87.21,60617.8,78.46,35425.5,38.61,27.38,17.93,54.69,Material Reuse
textile,coal,854888.5,1620185.3,46593.7,0.028,1898527.8,246304.2,78.51,19443.5,54.12,18480.7,64.94,63.29,23.38,13.33,Renewable Energy Substitution
food_processing,transport,687941.9,183585.5,79590.4,0.3024,1503184.8,231308.2,68.55,12189.3,54.86,304091.5,55.31,43.43,17.97,38.6,Transportation Optimization
metal_engineering,transport,1144354.0,462732.3,43207.1,0.0854,1287994.2,390255.8,79.48,21245.6,65.42,159455.5,41.67,39.12,13.14,47.74,Transportation Optimization
textile,waste,1306257.4,298399.9,62566.9,0.1733,194706.9,396003.3,66.56,49534.2,75.36,79289.0,28.78,23.6,19.3,57.1,Material Reuse
general,raw_materials,1580397.6,750854.0,171200.2,0.1857,370646.9,486212.6,90.64,40156.2,69.97,44528.3,47.31,28.94,23.07,47.99,Recycled Materials
general,electricity,498065.5,1441290.0,369571.7,0.2041,433569.1,229535.9,62.1,45523.9,57.92,28479.9,28.97,27.62,53.06,19.32,Energy Optimization
general,raw_materials,1714342.2,416140.4,55151.1,0.117,344949.2,582013.1,96.05,55674.9,63.01,56397.7,46.3,24.46,16.34,59.2,Alternative Materials
food_processing,diesel,690698.7,478736.7,35545.2,0.0691,1560829.8,314604.1,73.73,33419.2,58.7,296528.6,36.36,50.67,21.58,27.75,Transportation Optimization
chemical,natural_gas,845011.7,1001166.6,192448.7,0.1612,395055.3,241092.9,66.42,24286.3,61.31,34565.4,34.16,32.83,40.42,26.75,Energy Optimization
chemical,waste,1088987.5,494208.3,73103.3,0.1289,84016.1,402215.7,76.51,102057.5,93.0,38309.4,41.41,15.57,22.34,62.09,Material Reuse
food_processing,natural_gas,1067733.1,1395866.9,399388.4,0.2225,395078.6,295988.8,74.62,44768.3,46.2,32673.6,39.88,30.86,48.33,20.81,Energy Optimization
metal_engineering,electricity,871885.2,616002.0,82915.3,0.1186,1458800.4,273546.1,73.66,51618.8,75.0,37411.7,39.42,50.36,39.93,9.71,Process Changes
textile,raw_materials,2511510.6,352784.4,108595.4,0.2354,316079.8,836074.9,91.6,36473.6,60.47,57181.2,56.27,24.48,16.86,58.66,Alternative Materials
chemical,raw_materials,1766413.4,417099.9,103408.9,0.1987,396656.6,570169.9,80.63,71102.7,70.84,50092.8,40.14,19.92,26.81,53.27,Recycled Materials
metal_engineering,coal,663345.3,1222360.9,112964.1,0.0846,698685.2,203117.6,78.66,13747.1,74.19,44492.9,66.23,54.92,19.92,25.16,Renewable Energy Substitution
metal_engineering,raw_materials,1050696.3,629583.3,105660.1,0.1437,59483.6,499774.9,88.24,46875.7,50.59,24164.3,55.6,12.68,24.79,62.53,Alternative Materials
metal_engineering,raw_materials,1523907.7,673169.0,87245.0,0.1147,204069.6,432707.3,89.59,37360.8,52.66,28824.5,51.16,21.03,29.98,48.99,Alternative Materials
food_processing,electricity,1201063.5,973064.8,179682.7,0.1559,883356.4,483199.1,77.44,51112.4,54.78,51424.1,49.81,39.37,37.51,23.12,Process Changes
general,coal,642140.8,1196769.5,25857.4,0.0211,1334908.8,218553.1,55.35,10982.0,48.64,44290.2,63.21,56.92,33.58,9.5,Renewable Energy Substitution
chemical,electricity,678901.1,603199.8,140702.9,0.1891,388144.5,253911.8,71.33,40338.9,55.46,28352.2,29.67,30.48,45.29,24.23,Energy Optimization
metal_engineering,coal,635732.0,1043881.3,81443.2,0.0724,799472.0,166664.1,73.71,39917.1,41.07,13193.5,42.16,52.97,31.43,15.6,Renewable Energy Substitution
textile,waste,1022046.4,475711.7,30168.2,0.0596,157017.0,357369.0,84.22,38274.6,75.92,88384.9,25.18,18.02,34.18,47.8,Material Reuse
chemical,raw_materials,2416985.1,656908.4,140830.0,0.1765,112977.4,678166.5,81.71,30679.6,65.18,39879.1,37.93,28.69,31.85,39.46,Recycled Materials
chemical,raw_materials,2975687.5,772430.6,98802.7,0.1134,130025.0,904530.6,93.65,34326.5,53.41,46862.9,49.45,21.58,22.8,55.62,Alternative Materials
metal_engineering,electricity,556072.4,2408475.5,272741.7,0.1017,253810.5,186919.2,79.56,28016.4,44.7,23692.6,67.2,18.78,71.03,10.19,Renewable Energy Substitution
food_processing,diesel,1040203.3,489483.2,79191.0,0.1393,1370831.8,366096.3,56.01,16152.0,68.59,121104.1,36.97,45.51,18.84,35.65,Transportation Optimization
general,raw_materials,1014156.8,847680.5,121554.5,0.1254,318562.8,412333.7,77.55,71862.7,76.78,38016.0,33.99,15.24,34.46,50.3,Recycled Materials
chemical,raw_materials,981695.3,224273.2,53067.4,0.1913,213984.5,302616.4,82.22,97094.4,89.28,37328.8,28.88,23.05,33.7,43.25,Material Reuse
metal_engineering,raw_materials,2204041.5,574489.3,73223.5,0.113,243216.5,692513.9,89.12,57938.1,72.91,25604.5,57.11,17.31,28.42,54.27,Alternative Materials
general,diesel,331832.2,151265.6,22132.9,0.1276,1021020.4,125080.7,75.38,31601.8,62.67,145770.3,45.6,39.6,14.22,46.18,Transportation Optimization
food_processing,natural_gas,845547.8,1243888.1,271614.8,0.1792,565312.5,256428.2,73.93,47806.9,49.14,37721.6,32.15,38.07,36.99,24.94,Energy Optimization
chemical,raw_materials,599742.5,586045.5,121327.5,0.1715,214159.8,287297.3,67.12,85464.8,58.6,35139.5,43.41,23.72,36.71,39.57,Recycling Loops
metal_engineering,transport,610854.8,152199.9,24239.3,0.1374,867957.1,181586.8,54.39,20257.9,42.26,262505.1,52.48,49.36,11.35,39.29,Transportation Optimization
food_processing,natural_gas,861534.2,874363.4,48110.8,0.0522,858576.9,375192.6,64.68,56028.1,74.16,28590.4,34.11,44.1,39.96,15.94,Process Changes
chemical,natural_gas,946044.2,606435.1,40944.0,0.0632,1303838.5,269632.1,71.31,25745.0,69.08,42621.3,49.83,44.91,43.83,11.26,Process Changes
textile,waste,1313144.2,343586.6,98463.9,0.2227,266030.4,375571.8,69.03,221920.7,87.74,36536.0,52.43,28.53,24.93,46.54,Waste-to-Value
general,raw_materials,1258701.8,432902.0,103627.5,0.1931,210388.5,791055.1,98.18,35444.1,78.84,56214.0,42.31,11.04,16.51,72.45,Alternative Materials
food_processing,waste,2163875.3,334919.7,35099.1,0.0949,417359.8,698825.2,64.1,70359.3,82.58,28849.8,35.12,19.52,23.01,57.47,Waste-to-Value
chemical,electricity,665571.0,1760451.7,2688.7,0.0015,275411.0,159128.7,80.4,36482.1,55.57,27768.1,51.64,21.24,71.85,6.91,Renewable Energy Substitution
general,natural_gas,404060.6,484466.2,178710.3,0.2695,768550.5,229421.0,73.17,44174.4,58.19,50875.7,41.37,47.19,39.47,13.34,Process Changes
textile,waste,856748.8,414422.6,87081.4,0.1736,197858.0,485371.9,79.3,236321.7,81.01,25045.7,41.61,28.91,33.52,37.57,Waste-to-Value
textile,waste,1824662.0,330468.5,42218.5,0.1133,297938.6,518652.4,78.49,94399.6,97.06,34162.2,51.18,23.1,26.21,50.69,Waste-to-Value
chemical,waste,811119.2,222370.5,31374.5,0.1236,65847.8,369044.4,66.25,97733.0,82.8,66620.5,36.23,17.56,18.95,63.49,Material Reuse
food_processing,natural_gas,507476.9,834078.9,197426.9,0.1914,392171.8,221392.8,66.5,37145.0,65.85,20988.9,43.82,30.61,53.46,15.93,Energy Optimization
general,coal,284815.2,1156027.1,113508.5,0.0894,1978722.7,101268.3,51.96,34466.3,61.71,43589.5,47.06,46.42,24.85,28.73,Renewable Energy Substitution
general,transport,1183935.2,340671.5,36549.3,0.0969,810273.0,330544.4,62.0,22646.0,59.34,299216.7,50.4,36.14,22.58,41.28,Transportation Optimization
textile,coal,287262.4,888982.7,105689.3,0.1063,946294.3,66820.3,50.18,22255.7,62.04,21626.3,63.43,59.33,22.0,18.67,Renewable Energy Substitution
textile,raw_materials,2132918.3,233825.3,132413.9,0.3616,334515.4,1199745.9,98.95,42217.3,73.07,57790.6,56.69,13.71,21.76,64.53,Alternative Materials
metal_engineering,coal,380561.8,2188968.6,201993.8,0.0845,922453.7,52861.5,54.14,36319.2,69.28,20332.3,47.99,60.86,33.75,5.39,Renewable Energy Substitution
chemical,raw_materials,3148209.7,408406.0,136978.3,0.2512,57638.2,897410.7,98.49,42406.7,78.1,22090.3,47.21,13.9,25.96,60.14,Alternative Materials
chemical,raw_materials,993600.8,852443.8,36008.9,0.0405,216584.4,384901.6,75.24,74963.9,74.04,36320.5,47.21,17.32,27.31,55.37,Recycled Materials
textile,waste,371913.0,495304.8,45585.2,0.0843,159403.2,200078.9,77.96,81108.5,80.61,23936.3,44.01,20.97,30.12,48.91,Waste-to-Value
general,raw_materials,1324127.2,428913.5,55348.3,0.1143,154015.6,411258.2,85.55,91759.2,78.3,79666.5,28.04,16.95,21.91,61.14,Material Reuse
food_processing,diesel,300028.1,442333.1,48370.5,0.0986,1477279.6,105702.2,63.93,32532.9,46.73,97250.1,43.27,52.61,16.82,30.57,Transportation Optimization
textile,waste,889775.6,283129.5,60325.6,0.1756,213464.5,249227.5,86.81,98184.8,88.06,39679.6,27.12,22.39,18.21,59.4,Material Reuse
food_processing,electricity,565704.2,1211606.5,131450.8,0.0979,96191.2,186273.1,82.36,26160.1,70.67,14369.8,53.83,21.43,45.24,33.33,Renewable Energy Substitution
metal_engineering,waste,2127529.5,481144.4,45205.5,0.0859,207692.9,640961.5,65.65,95094.3,55.15,16775.6,36.73,25.53,32.7,41.77,Recycling Loops
general,raw_materials,2035262.4,341252.3,112457.6,0.2479,266865.7,820537.1,74.49,70455.6,76.73,21911.4,51.44,22.69,24.36,52.95,Recycled Materials
metal_engineering,raw_materials,890763.1,537013.8,44256.7,0.0761,178834.4,314747.1,68.62,37330.1,93.67,49442.8,29.8,16.25,33.57,50.18,Material Reuse
general,natural_gas,825758.0,1113584.2,125878.8,0.1016,389364.0,234386.0,67.36,38496.7,65.79,44841.8,30.93,29.73,49.68,20.59,Energy Optimization
general,waste,899317.0,232589.6,35467.1,0.1323,335223.4,293044.8,75.73,38953.2,70.94,78030.9,35.76,22.63,19.86,57.51,Material Reuse
chemical,raw_materials,664738.6,477559.2,129573.7,0.2134,486121.1,282770.9,89.59,56728.5,76.92,37509.7,33.39,16.35,29.01,54.64,Recycled Materials
food_processing,coal,706417.7,2482674.1,208952.7,0.0776,813050.6,131119.2,61.71,20320.4,66.62,30449.2,41.07,62.55,20.94,16.51,Renewable Energy Substitution
metal_engineering,raw_materials,938927.6,893703.2,132647.1,0.1292,479592.3,342661.8,78.41,55510.2,62.3,20146.6,45.41,24.63,26.16,49.21,Recycled Materials
metal_engineering,raw_materials,888625.3,622211.6,90290.8,0.1267,83787.1,517704.4,85.17,38750.7,59.04,43934.3,44.54,14.5,26.15,59.35,Alternative Materials
food_processing,coal,597056.9,584912.3,163348.7,0.2183,560448.8,220645.5,73.72,41648.0,46.38,20290.1,51.74,48.18,32.31,19.51,Process Changes
food_processing,coal,442471.2,2422016.0,6794.5,0.0028,1306872.1,93599.7,69.53,23993.4,60.15,29283.7,66.88,56.04,31.92,12.04,Renewable Energy Substitution
metal_engineering,electricity,568216.8,1331453.2,415949.7,0.238,869439.3,157556.1,61.54,41357.0,63.16,46941.1,40.42,36.57,49.92,13.51,Energy Optimization
chemical,raw_materials,808451.1,384734.1,115631.6,0.2311,174108.1,431118.0,74.81,35056.1,84.77,29999.8,50.54,29.55,28.57,41.88,Recycled Materials
chemical,diesel,261197.1,165010.4,27388.4,0.1424,1396972.5,129497.1,79.16,31709.9,58.79,278383.2,55.08,41.49,22.74,35.77,Transportation Optimization
textile,raw_materials,1145437.1,778720.3,91405.5,0.105,183935.7,332025.4,60.84,113423.9,55.76,23128.3,36.36,27.28,26.87,45.85,Recycling Loops
textile,waste,702154.0,538132.0,78173.0,0.1268,344228.4,204492.4,70.19,50884.9,89.81,46214.4,26.33,29.98,15.5,54.52,Material Reuse
chemical,electricity,249601.5,739997.2,29924.0,0.0389,266342.7,58693.7,65.01,32866.0,73.36,44491.6,51.82,33.76,46.06,20.18,Renewable Energy Substitution
chemical,raw_materials,2421646.9,809975.6,59436.9,0.0684,150219.9,876262.0,72.38,51317.0,77.57,38948.1,33.72,15.86,21.58,62.56,Recycled Materials
general,diesel,224904.2,177149.1,55174.7,0.2375,1618366.1,106251.0,51.99,21436.7,62.13,126272.8,39.06,40.8,15.99,43.21,Transportation Optimization
chemical,natural_gas,642703.7,1371914.0,470781.8,0.2555,986921.9,213849.7,67.31,21357.5,62.17,49823.2,35.95,34.47,44.9,20.63,Energy Optimization
chemical,waste,605263.4,561715.9,86217.6,0.1331,349919.0,346306.4,68.06,143219.6,82.07,44548.1,50.35,17.47,20.08,62.45,Waste-to-Value
textile,raw_materials,1838627.2,749054.0,89293.8,0.1065,105284.2,926309.2,96.11,32670.5,75.72,56245.7,44.09,24.75,17.11,58.14,Alternative Materials
food_processing,raw_materials,1370753.6,206765.1,92765.2,0.3097,130889.0,436887.0,87.99,50857.3,76.63,74771.6,44.31,28.74,25.06,46.2,Material Reuse
food_processing,electricity,768830.0,686416.9,89267.1,0.1151,1083273.4,286675.0,61.58,27215.7,68.96,17910.7,38.94,37.92,52.46,9.62,Energy Optimization
general,coal,333667.4,1557858.7,180177.4,0.1037,1093398.8,55258.9,57.85,38358.9,40.48,29109.8,42.12,50.73,16.76,32.51,Renewable Energy Substitution
general,raw_materials,2069069.6,684707.6,119097.1,0.1482,329234.8,692025.0,96.45,24808.4,66.33,20230.3,45.14,15.5,20.94,63.56,Alternative Materials
textile,waste,1127174.5,400774.2,68405.7,0.1458,217967.2,320241.8,76.61,48230.9,90.32,67505.6,27.62,26.45,33.6,39.95,Material Reuse
general,transport,480162.4,166764.3,66991.5,0.2866,1073372.9,147847.2,55.28,32969.1,43.32,289360.0,46.15,35.98,16.97,47.05,Transportation Optimization
general,electricity,853569.8,2167605.7,195767.7,0.0828,254259.9,183171.3,75.74,18153.4,74.76,16410.8,46.01,17.22,74.26,8.52,Renewable Energy Substitution
metal_engineering,natural_gas,530204.6,1133709.7,221822.0,0.1636,851957.8,259024.6,60.53,30771.7,63.96,34115.1,39.08,30.33,54.84,14.83,Energy Optimization
metal_engineering,coal,1135713.4,961198.3,177959.8,0.1562,985657.4,357274.0,73.05,44274.5,60.53,20351.0,30.04,36.95,27.03,36.02,Process Changes
general,raw_materials,1048419.8,537178.2,55670.9,0.0939,262575.1,406155.5,69.0,62091.2,85.93,39241.8,32.23,23.02,34.92,42.06,Material Reuse
general,raw_materials,1681950.7,465143.5,136415.8,0.2268,208596.8,837758.1,78.24,55242.8,61.52,34914.2,48.65,27.08,23.36,49.56,Recycled Materials
chemical,waste,1224908.3,509107.2,125839.9,0.1982,292207.3,353770.3,77.09,41771.5,65.75,27175.4,43.89,28.41,37.68,33.91,Recycling Loops
metal_engineering,raw_materials,884799.0,581840.8,26647.6,0.0438,140162.5,353572.2,93.45,47463.6,53.43,35353.6,48.04,15.54,16.82,67.64,Alternative Materials
chemical,raw_materials,688208.7,265887.1,75131.5,0.2203,204371.3,220054.0,72.35,79385.6,71.81,43847.2,26.46,27.18,30.05,42.77,Material Reuse
general,waste,547646.1,282352.8,48198.5,0.1458,87833.0,195450.0,80.55,99395.0,94.07,72700.8,28.68,16.58,31.26,52.16,Material Reuse
food_processing,coal,309611.9,1426990.4,117055.6,0.0758,652112.2,76590.5,54.89,11365.8,58.95,37788.9,57.09,56.5,28.61,14.89,Renewable Energy Substitution
chemical,raw_materials,1648152.7,363524.6,83234.7,0.1863,265269.0,689284.9,84.48,28855.9,71.86,26362.3,35.14,27.41,20.63,51.96,Recycled Materials
food_processing,electricity,1093970.0,617355.7,82785.8,0.1182,603743.9,321251.2,84.58,34797.5,71.29,53728.0,50.95,50.8,38.19,11.01,Process Changes
general,raw_materials,1949091.8,871689.0,79011.4,0.0831,241770.0,578662.2,90.7,73197.6,63.08,33745.6,43.07,22.55,22.91,54.54,Recycled Materials
food_processing,natural_gas,414255.7,1217299.2,242026.0,0.1658,509334.2,155438.6,61.42,26612.2,56.52,48441.8,33.33,38.05,39.58,22.37,Energy Optimization
general,diesel,282271.3,153038.4,25290.1,0.1418,1656584.6,171962.2,79.1,24932.3,47.12,204340.1,37.7,55.54,21.16,23.3,Transportation Optimization
metal_engineering,raw_materials,2920664.5,454478.4,115737.8,0.203,377028.5,1133011.7,91.31,24529.5,79.55,53555.9,40.74,23.81,28.05,48.14,Alternative Materials
chemical,electricity,454616.0,2417543.3,272852.8,0.1014,252781.9,94122.7,68.64,16729.1,49.09,31383.3,41.14,30.62,64.9,4.48,Renewable Energy Substitution
food_processing,electricity,288163.7,1527301.0,52600.3,0.0333,138532.7,55782.4,84.35,28744.0,57.52,23430.0,55.1,19.5,55.8,24.7,Renewable Energy Substitution
textile,electricity,506163.6,1102615.4,36396.5,0.032,196691.7,181933.2,50.62,17256.1,55.08,21619.2,64.76,29.69,63.78,6.53,Renewable Energy Substitution
textile,waste,671780.6,504851.8,94894.1,0.1582,332225.3,211173.4,85.12,90307.4,76.32,39037.1,30.36,28.68,27.66,43.66,Material Reuse
food_processing,coal,258146.6,775829.9,6760.0,0.0086,865074.9,53905.9,58.59,29649.3,42.14,25285.8,65.57,60.83,21.11,18.06,Renewable Energy Substitution
general,transport,431186.7,278585.6,70951.4,0.203,1360660.6,164589.5,60.08,31185.5,51.59,213233.8,48.87,43.7,14.41,41.89,Transportation Optimization
metal_engineering,electricity,882128.4,879654.0,167221.9,0.1597,652573.3,254574.7,66.48,32566.4,60.6,23126.2,40.22,30.94,43.94,25.12,Energy Optimization
textile,natural_gas,711345.0,1061205.7,264266.3,0.1994,668981.8,264466.2,63.7,34419.5,63.06,46639.2,43.03,30.17,47.86,21.97,Energy Optimization
general,raw_materials,2000789.8,417952.0,38157.5,0.0837,365265.2,581456.5,84.81,101145.4,72.78,35673.7,44.58,23.54,30.74,45.72,Recycling Loops
metal_engineering,raw_materials,1262633.2,742279.4,35506.9,0.0457,289907.6,468610.2,90.25,25660.2,76.58,45923.2,41.7,16.28,34.59,49.13,Recycled Materials
metal_engineering,electricity,535705.8,1605281.1,96232.5,0.0566,226725.2,198950.1,75.47,22286.8,62.11,30193.1,51.8,24.12,71.04,4.84,Renewable Energy Substitution
food_processing,electricity,1063702.0,1279363.3,203148.7,0.137,978259.7,270382.3,77.57,42428.6,55.2,49363.3,34.45,32.77,38.22,29.01,Energy Optimization
textile,raw_materials,929054.4,449029.8,61418.9,0.1203,166691.0,584933.7,60.8,46849.0,49.59,19996.8,31.1,26.97,33.45,39.58,Recycling Loops
food_processing,waste,1593174.2,512272.8,51219.1,0.0909,223569.2,468969.6,77.74,48087.4,79.47,85588.7,37.88,24.76,32.34,42.9,Material Reuse
metal_engineering,electricity,553494.7,504197.2,74123.1,0.1282,303654.5,238364.5,68.51,25940.1,64.04,44137.0,44.58,32.84,44.23,22.93,Energy Optimization
general,raw_materials,1272566.1,593971.6,95662.0,0.1387,109131.8,456377.1,81.2,69038.5,83.52,85976.0,34.6,20.6,24.86,54.54,Material Reuse
metal_engineering,natural_gas,352425.2,512168.3,131913.9,0.2048,623120.4,103141.4,66.46,20913.0,68.54,26200.2,33.68,36.8,47.96,15.24,Energy Optimization
food_processing,diesel,217196.9,343163.3,40245.0,0.105,1613485.4,101311.2,65.61,15428.8,62.3,99905.5,53.62,54.09,21.74,24.17,Transportation Optimization
general,electricity,448738.1,1186962.7,89539.4,0.0701,279351.7,113294.9,57.6,13196.9,44.57,12177.8,42.45,20.8,54.63,24.57,Renewable Energy Substitution
general,waste,1248864.5,284388.0,87329.8,0.2349,59106.1,445334.5,75.59,51319.1,73.34,92198.4,26.45,17.99,21.96,60.05,Material Reuse
metal_engineering,raw_materials,1255865.3,310785.8,103850.5,0.2505,247410.6,604387.5,64.11,112369.8,67.72,18179.5,34.77,17.55,28.82,53.63,Recycling Loops
chemical,waste,726481.6,404835.4,95255.2,0.1905,64334.4,273280.8,84.7,64704.1,74.98,60487.7,32.71,28.73,30.24,41.03,Material Reuse
food_processing,waste,1870104.8,304485.8,48819.5,0.1382,413088.6,557552.8,75.99,186115.7,84.53,16336.7,49.61,25.18,27.09,47.73,Waste-to-Value
textile,natural_gas,889659.8,654228.3,76500.3,0.1047,1322681.5,372726.0,82.07,33831.8,65.76,50117.9,33.33,43.01,34.66,22.33,Process Changes
chemical,electricity,552301.8,2269130.4,139136.8,0.0578,214936.1,162672.6,52.43,27875.0,40.48,21374.6,66.1,17.6,73.19,9.21,Renewable Energy Substitution
general,raw_materials,1763137.2,859626.3,111638.1,0.1149,180112.8,650909.3,86.34,65585.5,75.64,22396.1,39.42,28.81,28.77,42.42,Recycled Materials
general,waste,877423.8,595348.2,57222.2,0.0877,67471.3,241796.0,75.03,46767.7,93.69,81010.9,30.37,23.86,29.43,46.71,Material Reuse
textile,waste,707832.3,410685.0,28561.4,0.065,421230.9,269821.2,73.79,112070.3,76.5,16497.7,32.89,16.07,31.41,52.52,Waste-to-Value
metal_engineering,raw_materials,905245.9,498938.8,158254.5,0.2408,182830.3,296252.9,71.52,76743.1,75.21,34329.4,48.22,27.54,24.98,47.48,Recycled Materials
general,raw_materials,1954796.3,724124.8,102739.2,0.1243,210990.4,602935.7,64.06,129596.5,44.16,15373.7,45.58,18.67,35.95,45.38,Recycling Loops
chemical,waste,770455.3,322181.6,52125.0,0.1393,137161.2,351986.6,70.46,85768.5,56.69,21766.9,26.64,24.08,30.94,44.98,Recycling Loops
general,raw_materials,2201176.1,757327.2,118757.5,0.1356,176809.3,683345.7,83.71,58135.8,74.69,38503.0,38.69,22.79,22.96,54.25,Recycled Materials
chemical,waste,1247820.1,541060.7,107353.0,0.1656,433652.3,537677.3,73.72,60667.1,75.92,21025.5,34.65,18.82,24.57,56.61,Waste-to-Value
food_processing,diesel,989209.3,257882.6,79236.1,0.235,1326173.7,353323.3,52.18,18707.5,62.12,240663.6,37.05,43.91,13.95,42.14,Transportation Optimization
metal_engineering,raw_materials,1629505.0,337224.9,40673.4,0.1076,329546.3,617912.0,89.32,55683.1,88.79,21704.3,33.96,15.66,22.78,61.56,Recycled Materials
chemical,waste,934514.9,638415.7,60284.6,0.0863,113786.6,381623.1,75.27,82657.5,96.25,17330.2,53.25,25.61,24.95,49.44,Waste-to-Value
textile,electricity,925522.8,1055066.3,60039.9,0.0538,1137143.3,336653.7,70.5,60037.1,58.12,23013.8,50.83,52.31,37.89,9.8,Process Changes
food_processing,waste,1221795.5,521062.5,39757.2,0.0709,319883.7,468788.5,86.7,74017.3,86.93,81711.0,27.62,24.01,15.69,60.3,Material Reuse
metal_engineering,raw_materials,781438.6,696228.8,86269.0,0.1102,381940.9,218846.2,72.58,92580.2,72.21,16229.0,38.62,27.8,28.63,43.57,Recycling Loops
metal_engineering,coal,375063.1,1492655.1,116027.8,0.0721,1552663.7,85217.6,84.03,28458.0,45.75,10718.3,61.93,46.59,17.82,35.59,Renewable Energy Substitution
chemical,waste,408812.1,526915.5,94417.2,0.152,114817.2,205599.7,71.45,85049.0,90.28,21421.6,40.82,17.97,28.23,53.8,Waste-to-Value
metal_engineering,raw_materials,1155766.9,325943.4,136747.1,0.2955,121798.9,471618.9,85.51,38882.7,66.95,22628.3,55.06,16.8,22.87,60.33,Alternative Materials
metal_engineering,natural_gas,677828.9,1039418.2,214979.2,0.1714,1175439.0,203242.4,65.08,23053.2,60.28,33299.0,28.13,36.6,49.08,14.32,Energy Optimization
chemical,raw_materials,851000.4,653672.4,121993.8,0.1573,355075.3,407314.4,85.71,30026.5,65.98,50711.5,46.77,15.21,23.73,61.06,Recycled Materials
metal_engineering,raw_materials,2844696.5,576740.2,30628.7,0.0504,355752.5,1128785.2,85.86,31075.1,74.19,49930.4,42.06,13.14,20.56,66.3,Alternative Materials
general,raw_materials,2790631.2,383788.1,122568.1,0.2421,206246.8,1018542.3,96.51,54302.5,77.5,37239.4,45.02,18.73,20.57,60.7,Alternative Materials
general,diesel,743201.4,196795.9,56315.8,0.2225,1395120.6,323995.4,71.61,26488.0,62.99,222269.7,38.78,57.81,10.27,31.92,Transportation Optimization
general,raw_materials,441426.6,215128.1,29844.2,0.1218,345905.0,260325.9,67.65,43024.3,87.99,86274.1,30.14,15.31,19.46,65.23,Material Reuse
metal_engineering,raw_materials,1372565.3,790383.2,169559.8,0.1766,138144.4,542538.1,77.42,72887.9,62.51,27389.4,47.05,15.77,27.39,56.84,Recycled Materials
general,natural_gas,842993.7,868576.7,177015.4,0.1693,865815.9,281196.3,60.72,23528.1,49.84,32580.3,35.3,34.58,39.85,25.57,Energy Optimization
metal_engineering,waste,772213.0,521749.8,25266.4,0.0462,257771.8,350164.1,85.87,44186.1,83.35,87767.8,33.2,22.23,16.41,61.36,Material Reuse
textile,natural_gas,728016.8,1282064.5,184399.9,0.1257,1004358.7,226038.2,73.66,31854.4,61.68,17792.9,42.48,21.11,37.97,40.92,Energy Optimization
chemical,diesel,456863.7,484746.9,71373.5,0.1283,1473098.9,122615.3,51.47,30940.0,54.69,277359.5,40.14,44.94,20.5,34.56,Transportation Optimization
general,electricity,743205.2,840612.6,67575.2,0.0744,908231.7,188675.9,65.66,60396.7,74.39,45906.4,50.17,47.85,25.66,26.49,Process Changes
chemical,waste,1685545.5,504946.3,106987.6,0.1748,245834.5,571932.6,81.41,118903.1,84.03,25696.7,50.82,15.67,24.63,59.7,Waste-to-Value
textile,waste,1258094.9,324547.8,115992.8,0.2633,241509.4,637664.5,64.73,164095.5,75.55,37926.6,44.52,24.38,20.78,54.84,Waste-to-Value
general,electricity,838661.9,1031759.5,45713.7,0.0424,1419940.9,313277.2,66.57,45908.8,69.67,51146.1,49.58,53.56,29.76,16.68,Process Changes
chemical,raw_materials,1697086.7,660475.3,135129.9,0.1698,214082.3,660000.8,80.02,51511.0,82.73,29867.1,38.36,28.87,20.84,50.29,Recycled Materials
food_processing,electricity,847626.3,2251437.9,89387.1,0.0382,114841.5,198663.1,62.59,35410.0,51.48,34568.1,41.26,19.64,55.3,25.06,Renewable Energy Substitution
chemical,coal,1193872.6,445558.4,86148.8,0.162,1010203.9,393648.2,60.16,64537.5,55.92,53923.8,41.77,37.61,40.95,21.44,Process Changes
general,raw_materials,1102495.8,334243.7,81208.5,0.1955,179830.1,319464.6,79.91,36376.9,86.35,72115.1,31.2,16.29,16.82,66.89,Material Reuse
food_processing,transport,424953.7,250262.7,33124.4,0.1169,1128580.4,207074.5,72.09,26043.8,62.77,278609.6,56.0,45.77,24.77,29.46,Transportation Optimization
general,transport,1311427.4,320997.1,50776.6,0.1366,1433309.9,390488.1,73.5,15603.9,49.09,112454.5,48.76,39.52,13.86,46.62,Transportation Optimization
chemical,coal,569516.4,636301.6,33208.3,0.0496,1538591.8,217885.4,60.24,30670.9,52.05,36880.2,50.25,52.58,34.14,13.28,Process Changes
chemical,waste,1916909.8,711065.7,87388.7,0.1094,252722.9,594956.0,80.45,115191.5,82.81,43078.7,34.12,15.63,26.81,57.56,Waste-to-Value
metal_engineering,raw_materials,1360296.3,300358.8,76172.9,0.2023,196466.1,401818.8,71.5,35291.8,76.67,30197.6,40.35,20.65,33.14,46.21,Recycled Materials
chemical,natural_gas,607262.5,910305.6,205871.2,0.1844,630206.1,244730.1,77.49,45901.0,50.69,46356.8,33.81,26.19,49.54,24.27,Energy Optimization
metal_engineering,raw_materials,917898.1,720658.6,91609.7,0.1128,301854.9,254779.5,85.22,61373.8,61.15,32888.8,51.58,21.31,27.53,51.16,Recycled Materials
general,raw_materials,1583886.1,759052.2,71612.0,0.0862,80482.5,855359.9,86.59,33808.9,65.22,54968.9,48.86,20.53,29.89,49.58,Alternative Materials
metal_engineering,natural_gas,628280.5,530727.2,124364.0,0.1898,1130903.3,211203.6,79.43,19775.8,59.21,42934.4,36.93,21.82,46.66,31.52,Energy Optimization
chemical,raw_materials,651347.1,275631.1,92072.6,0.2504,252256.1,371644.1,67.29,80313.0,73.02,39721.9,35.55,21.04,26.78,52.18,Material Reuse
textile,electricity,524909.7,870229.5,262970.8,0.2321,542334.3,274052.0,61.1,47933.5,59.02,38057.2,34.25,35.64,38.33,26.03,Energy Optimization
textile,raw_materials,581919.7,280225.9,37228.7,0.1173,137560.2,210465.1,73.73,103312.6,85.38,59716.8,43.69,15.73,19.21,65.06,Material Reuse
chemical,waste,774006.9,635834.1,112355.4,0.1502,286620.2,250032.3,74.72,207895.2,77.15,20179.7,30.31,23.9,33.3,42.8,Waste-to-Value
textile,natural_gas,761055.9,722318.2,110681.9,0.1329,668270.4,298193.0,60.02,21902.2,49.71,40099.2,33.99,29.15,37.97,32.88,Energy Optimization
textile,raw_materials,1794431.0,543979.8,48821.3,0.0824,359441.4,517210.0,62.13,98508.3,62.88,38905.5,26.07,18.72,38.92,42.36,Recycling Loops
textile,coal,439975.9,642787.4,113859.2,0.1505,1236448.4,160677.3,71.65,22595.7,50.59,42420.3,49.06,52.66,26.4,20.94,Process Changes
chemical,raw_materials,951746.3,439197.8,39028.6,0.0816,178637.0,361355.1,85.36,25406.7,78.89,41981.2,59.25,16.49,19.68,63.83,Alternative Materials
metal_engineering,natural_gas,534846.4,680810.6,178163.9,0.2074,1193508.3,216970.0,60.72,15605.3,53.01,21852.4,41.82,36.9,40.17,22.93,Energy Optimization
metal_engineering,raw_materials,2424889.5,473642.0,122072.9,0.2049,119885.8,762811.0,93.29,21858.0,68.23,26821.0,39.43,24.23,29.48,46.29,Alternative Materials
textile,electricity,1315324.9,696889.3,134624.9,0.1619,1023373.2,484445.1,76.95,50804.5,51.51,59370.0,48.52,50.78,31.6,17.62,Process Changes
chemical,diesel,862659.6,324883.6,34939.8,0.0971,1238091.3,254890.5,50.58,17061.7,41.6,297035.6,50.86,59.9,14.53,25.57,Transportation Optimization
metal_engineering,coal,437615.7,2234500.4,75633.6,0.0327,1827580.6,129847.8,64.03,22160.5,43.43,44142.2,43.88,51.82,21.39,26.79,Renewable Energy Substitution
chemical,raw_materials,1417128.7,704303.3,157033.1,0.1823,229731.8,689714.4,83.07,58173.3,80.48,40137.6,40.58,19.14,31.53,49.33,Recycled Materials
textile,electricity,248060.2,897600.2,69745.6,0.0721,159427.4,68896.8,75.91,33979.8,65.39,17079.1,59.31,10.27,54.15,35.58,Renewable Energy Substitution
general,natural_gas,213098.3,501243.4,146064.0,0.2256,965815.5,82140.8,67.39,36236.2,56.32,42229.5,35.23,23.08,54.53,22.39,Energy Optimization
general,raw_materials,743279.1,254298.3,98195.1,0.2786,339306.0,207305.1,71.89,42511.6,76.79,83957.3,32.57,16.33,21.84,61.83,Material Reuse
chemical,raw_materials,1409158.3,366259.1,73378.1,0.1669,223922.8,412472.0,81.33,54455.5,70.71,32382.6,48.57,26.84,24.62,48.54,Recycled Materials
metal_engineering,raw_materials,1422266.7,354853.2,123852.3,0.2587,320212.7,514787.6,81.47,74311.6,65.89,20789.8,49.23,23.66,33.36,42.98,Recycled Materials
metal_engineering,waste,875846.6,839258.9,84323.2,0.0913,83104.1,263020.2,68.05,92072.7,42.63,38583.9,34.03,28.58,36.56,34.86,Recycling Loops
textile,waste,858424.7,256829.9,32376.6,0.1119,237093.2,276987.2,69.42,179354.7,87.59,21935.3,38.6,24.21,32.91,42.88,Waste-to-Value
metal_engineering,raw_materials,811386.6,814714.7,75735.5,0.0851,177070.6,333896.3,76.55,67902.6,74.15,27961.9,35.32,19.99,34.1,45.91,Recycled Materials
chemical,raw_materials,593036.7,663382.7,47580.6,0.0669,234882.6,342847.3,85.23,36343.9,71.76,51348.6,36.09,22.62,26.29,51.09,Recycled Materials
general,raw_materials,1804815.6,375330.9,138400.1,0.2694,313886.7,1024416.1,85.25,58512.4,71.8,32190.0,56.25,14.22,28.09,57.69,Alternative Materials
food_processing,waste,812146.0,716341.0,50126.8,0.0654,152463.0,244983.6,74.08,81614.9,78.19,24000.9,37.04,24.06,32.25,43.69,Waste-to-Value
metal_engineering,raw_materials,1152409.2,752549.0,88979.3,0.1057,336255.1,679659.3,71.73,54947.3,81.28,25856.2,47.61,23.76,34.28,41.96,Recycled Materials
textile,waste,1345342.3,721816.8,90879.4,0.1118,429140.5,477256.3,75.01,245624.5,89.77,15923.6,48.1,28.58,31.93,39.49,Waste-to-Value
chemical,raw_materials,1317684.3,786410.1,172255.4,0.1797,136530.3,354941.0,91.14,54564.7,60.43,29017.1,41.0,25.39,31.0,43.61,Recycled Materials
metal_engineering,waste,1327994.4,584946.1,91217.7,0.1349,131104.6,437966.1,76.92,69635.5,77.86,69858.1,39.6,21.16,27.58,51.26,Material Reuse
general,waste,1453609.7,607935.7,116864.1,0.1612,316417.6,481345.2,84.66,88023.1,43.96,35706.8,31.54,26.39,38.96,34.65,Recycling Loops
food_processing,electricity,1071416.1,909312.8,74693.6,0.0759,700856.8,396635.1,65.85,23596.2,45.02,44332.8,37.97,50.05,32.5,17.45,Process Changes
textile,coal,597524.9,1598767.3,134655.9,0.0777,1350394.9,167588.4,61.58,23862.5,42.73,22507.2,59.48,62.0,33.16,4.84,Renewable Energy Substitution
food_processing,raw_materials,602185.0,526422.7,54565.4,0.0939,288917.2,358395.2,85.39,65820.7,85.11,72801.1,33.35,17.16,16.87,65.97,Material Reuse
general,waste,1375999.4,829531.6,43932.1,0.0503,214601.7,416423.7,69.41,72687.0,41.83,32138.5,35.6,17.92,37.24,44.84,Recycling Loops
metal_engineering,raw_materials,2194200.7,886370.3,66353.1,0.0696,365324.3,795414.8,82.11,33422.9,81.84,41008.8,46.63,26.24,34.23,39.53,Recycled Materials
general,raw_materials,2455998.5,805995.7,102764.2,0.1131,233451.4,764512.8,79.93,35089.3,85.65,50889.6,41.33,16.14,25.82,58.04,Recycled Materials
textile,natural_gas,928489.2,1067890.5,329744.9,0.2359,473267.0,236068.6,61.23,47162.7,47.03,46998.1,36.34,28.96,54.47,16.57,Energy Optimization
general,diesel,1275947.1,367118.6,58202.9,0.1368,1273642.8,357029.2,68.29,32694.0,57.47,129358.2,55.75,52.04,20.49,27.47,Transportation Optimization
general,electricity,342699.9,821179.3,168993.1,0.1707,1184240.8,114475.0,70.82,18460.5,52.96,33463.4,44.09,27.82,36.3,35.88,Energy Optimization
metal_engineering,raw_materials,1432085.3,703621.8,149502.2,0.1752,200187.2,656168.2,82.58,70805.7,87.18,20425.5,45.48,15.78,28.23,55.99,Recycled Materials
chemical,raw_materials,2211277.3,514189.5,125211.6,0.1958,174567.9,737090.1,82.01,36223.5,68.76,46201.3,41.65,18.24,34.51,47.25,Recycled Materials
general,natural_gas,864097.8,1081147.9,328336.2,0.2329,680806.4,278729.2,69.67,35088.1,57.29,40664.7,37.63,25.43,37.91,36.66,Energy Optimization
textile,coal,601855.4,1009158.1,148346.6,0.1282,1523029.5,197162.5,65.8,60667.6,50.32,47289.2,41.67,36.66,30.71,32.63,Process Changes
textile,raw_materials,500096.8,448485.5,114526.3,0.2034,363204.9,299687.2,71.59,82329.2,70.58,34070.0,37.29,25.06,37.71,37.23,Recycling Loops
metal_engineering,raw_materials,1324476.1,506032.0,155185.8,0.2347,474193.8,370726.5,78.2,76074.7,61.85,23232.6,35.26,23.93,22.26,53.81,Recycled Materials
chemical,waste,1793632.6,265198.7,66194.1,0.1997,299329.2,638302.6,83.21,160473.0,92.34,28179.1,48.65,18.07,25.57,56.36,Waste-to-Value
general,raw_materials,1418284.0,443439.8,143706.1,0.2448,404002.2,453188.7,79.04,36533.0,89.3,42596.1,50.69,19.55,31.73,48.72,Recycled Materials
general,coal,761960.7,1551248.7,35830.3,0.0226,649585.4,198672.3,81.02,29525.2,45.05,42721.4,67.69,53.67,26.9,19.43,Renewable Energy Substitution
general,raw_materials,1562440.8,569447.1,116642.0,0.17,328362.8,466077.3,76.94,30864.3,71.0,23482.3,47.33,28.35,33.21,38.44,Recycled Materials
food_processing,transport,445142.3,428705.7,73798.4,0.1469,1410062.3,187046.1,76.09,28689.5,52.73,253421.7,54.56,54.65,22.35,23.0,Transportation Optimization
general,waste,881096.2,383845.9,70280.3,0.1548,217175.5,409922.6,71.43,77371.4,72.2,59819.9,40.0,25.35,34.74,39.91,Material Reuse
metal_engineering,raw_materials,797775.0,584701.4,72015.4,0.1097,260576.3,251539.8,84.92,78300.0,52.19,32755.2,34.01,27.5,31.81,40.69,Recycling Loops
chemical,waste,825785.2,536127.5,74867.3,0.1225,116462.5,504263.8,77.55,104880.4,65.5,15001.3,46.99,27.0,38.26,34.74,Recycling Loops
chemical,electricity,428647.6,1427771.1,367290.0,0.2046,1010863.1,117759.7,64.24,33621.2,49.41,37224.8,32.96,35.83,51.16,13.01,Energy Optimization
general,raw_materials,1648458.4,388298.0,74696.6,0.1613,135903.8,842037.1,70.13,51612.3,63.7,30768.8,50.52,17.43,34.49,48.08,Recycled Materials
metal_engineering,coal,798507.1,2092717.1,77757.0,0.0358,558581.9,198514.0,61.58,31664.4,64.77,28717.5,61.77,56.62,20.73,22.65,Renewable Energy Substitution
general,waste,1547364.9,775326.8,81104.1,0.0947,318197.8,478750.3,80.08,78862.5,67.5,26561.4,46.7,22.3,31.94,45.76,Recycling Loops
general,coal,781009.1,1627760.4,91047.7,0.053,1823299.7,187720.4,59.73,23405.2,55.01,43576.7,44.91,46.79,32.61,20.6,Renewable Energy Substitution
metal_engineering,waste,614802.9,568015.3,41654.7,0.0683,161147.4,349122.5,85.28,105642.9,88.49,40197.2,38.38,21.15,24.41,54.44,Material Reuse
textile,waste,1100823.6,305293.2,84634.6,0.2171,165361.2,455108.0,73.23,226478.6,85.64,23383.3,35.77,28.11,22.57,49.32,Waste-to-Value
food_processing,natural_gas,461624.0,1218360.2,227999.9,0.1576,828645.2,148367.6,79.98,41209.4,60.36,29814.1,38.51,26.83,35.58,37.59,Energy Optimization
textile,electricity,373996.5,1983855.5,183317.6,0.0846,208762.8,97438.9,80.59,31963.6,65.97,44879.5,62.47,28.12,67.3,4.58,Renewable Energy Substitution
general,diesel,337558.3,343381.9,71757.0,0.1729,1213308.2,117473.0,66.9,29938.0,43.96,106723.6,36.88,53.65,18.88,27.47,Transportation Optimization
general,electricity,443662.9,785658.7,114923.9,0.1276,1174715.1,237812.1,76.68,15459.7,53.86,40998.6,29.33,31.35,43.58,25.07,Energy Optimization
textile,raw_materials,2428062.9,591897.7,141979.6,0.1935,354921.6,989458.3,96.04,46599.4,57.81,56287.8,52.76,18.41,16.66,64.93,Alternative Materials
chemical,diesel,370320.8,237318.0,36595.4,0.1336,1759062.0,172187.6,77.05,24513.3,43.7,197481.8,56.66,45.46,22.95,31.59,Transportation Optimization
textile,electricity,735477.9,538500.4,37171.7,0.0646,771105.9,207279.0,73.95,28322.5,46.17,21439.6,48.29,46.83,32.16,21.01,Process Changes
chemical,raw_materials,1066923.2,710369.6,92959.0,0.1157,233186.8,403292.0,97.04,48912.6,52.03,48313.4,49.96,11.23,21.87,66.9,Alternative Materials
general,raw_materials,1948220.4,838419.5,123394.6,0.1283,489353.0,552256.2,88.64,28431.7,70.06,22345.6,51.51,27.24,32.77,39.99,Recycled Materials
chemical,waste,1176304.5,573382.0,47567.7,0.0766,98295.3,347107.5,86.71,35287.3,75.95,91306.9,28.42,16.7,26.4,56.9,Material Reuse
general,natural_gas,249931.7,975016.8,192191.3,0.1647,608285.3,84807.3,67.2,46132.1,62.26,20089.8,38.05,37.84,49.0,13.16,Energy Optimization
general,diesel,887752.0,494016.8,69271.2,0.123,1175624.1,363780.6,60.43,29645.7,46.71,267634.1,43.87,37.69,14.1,48.21,Transportation Optimization
food_processing,coal,517098.0,2314892.0,81254.8,0.0339,1311606.4,113300.4,77.14,37909.9,52.56,38195.4,53.96,52.93,33.77,13.3,Renewable Energy Substitution
textile,waste,699876.8,393808.2,44985.7,0.1025,281728.3,335551.6,60.46,119977.8,47.94,38232.0,41.78,26.44,28.02,45.54,Recycling Loops
chemical,raw_materials,2008616.0,775654.9,40356.9,0.0495,289702.0,614440.9,83.83,62874.7,67.6,20349.3,46.47,23.03,32.54,44.43,Recycled Materials
food_processing,natural_gas,396598.5,1248120.8,183763.5,0.1283,441831.3,132026.5,67.32,42778.3,63.45,47390.8,29.0,20.23,48.98,30.79,Energy Optimization
chemical,waste,1503006.7,735536.2,118027.6,0.1383,329224.7,640053.3,65.35,244688.0,78.28,18033.8,32.81,23.6,31.71,44.69,Waste-to-Value
food_processing,electricity,343402.7,1941413.6,167674.3,0.0795,189527.1,94672.1,82.98,30900.0,48.29,21281.3,65.81,32.19,57.15,10.66,Renewable Energy Substitution
chemical,raw_materials,591171.9,799567.1,150624.8,0.1585,446569.3,288751.3,85.23,32699.3,72.47,39200.6,40.05,22.79,34.95,42.26,Recycled Materials
chemical,electricity,224702.0,1093902.4,14107.6,0.0127,246361.3,72499.6,75.35,21569.8,42.57,38445.6,56.23,15.89,71.84,12.27,Renewable Energy Substitution
chemical,waste,1045926.4,425278.1,94224.4,0.1814,198868.3,402010.3,73.43,58318.2,45.45,37010.5,35.54,21.18,25.53,53.29,Recycling Loops
general,raw_materials,1295776.7,375331.6,85744.7,0.186,120494.5,414479.2,79.09,63243.8,56.83,39800.4,41.11,27.62,31.22,41.16,Recycling Loops
metal_engineering,waste,604503.3,400284.4,133653.1,0.2503,321621.8,293611.1,68.44,112870.7,64.35,34144.6,35.71,25.75,30.8,43.45,Recycling Loops
food_processing,raw_materials,730903.8,261365.2,49324.1,0.1588,162005.9,202993.7,83.36,88042.1,74.76,57003.3,27.12,24.42,17.43,58.15,Material Reuse
general,raw_materials,1060069.6,707818.3,38502.1,0.0516,113869.1,504741.9,85.34,35638.9,79.25,29094.0,49.72,28.44,24.46,47.1,Recycled Materials
metal_engineering,raw_materials,782178.6,317521.2,81623.3,0.2045,375879.3,378916.3,75.62,110183.7,67.44,27982.0,44.87,20.87,38.33,40.8,Recycling Loops
food_processing,electricity,1609906.3,1187505.1,100282.0,0.0779,1454080.1,489501.0,72.79,51800.9,50.78,47535.9,35.99,51.64,26.67,21.69,Process Changes
food_processing,waste,1309575.0,404886.2,47830.7,0.1057,225566.5,657332.6,74.38,200256.5,86.27,15865.7,31.6,23.07,30.78,46.15,Waste-to-Value
general,transport,688525.1,326816.9,53538.8,0.1408,1512857.6,282192.6,68.47,29730.5,68.47,176644.7,47.01,37.16,15.38,47.46,Transportation Optimization
chemical,raw_materials,3630094.4,404639.8,34751.6,0.0791,373642.8,1089605.4,88.61,46399.4,74.52,42208.0,49.65,13.63,16.4,69.97,Alternative Materials
general,raw_materials,1560006.3,696322.5,114234.0,0.1409,109274.5,431244.1,65.79,56309.6,68.36,18376.0,36.31,29.08,27.79,43.13,Recycling Loops
textile,waste,2066156.9,425608.5,104537.8,0.1972,123379.0,671171.8,84.66,76828.0,81.7,26172.0,49.41,23.94,29.67,46.39,Waste-to-Value
chemical,transport,298779.3,475852.7,53140.1,0.1005,1608587.5,155071.3,77.05,22659.0,42.01,122501.9,40.03,36.09,14.64,49.27,Transportation Optimization
general,coal,896574.8,2042435.9,45709.9,0.0219,853271.7,208596.4,53.27,23124.2,40.81,22138.3,59.57,46.8,32.77,20.43,Renewable Energy Substitution
chemical,waste,1488357.6,537476.7,109543.5,0.1693,327807.6,437623.3,81.37,149559.9,94.98,23747.3,33.22,27.83,28.81,43.36,Waste-to-Value
metal_engineering,raw_materials,1030437.6,215979.2,48983.5,0.1849,297917.1,395524.7,75.56,39132.6,80.67,63141.5,43.57,24.62,21.23,54.15,Material Reuse
chemical,transport,404866.4,264364.5,51832.0,0.1639,1077079.2,122209.4,60.89,20201.7,66.87,164623.7,41.86,54.06,21.18,24.76,Transportation Optimization
textile,raw_materials,1311030.4,623351.5,109492.7,0.1494,181093.5,450174.2,91.03,25703.8,76.7,33835.1,41.4,10.38,24.69,64.93,Alternative Materials
chemical,coal,882638.9,469342.8,159337.7,0.2534,929567.3,359629.0,82.87,63802.1,52.86,28514.0,31.77,46.24,25.27,28.49,Process Changes
food_processing,waste,929043.4,383114.1,82312.7,0.1769,334115.0,527512.3,71.15,125849.8,94.23,37753.4,38.03,16.55,21.08,62.37,Waste-to-Value
food_processing,electricity,1516994.7,1146819.5,109012.5,0.0868,1091621.6,462287.2,67.87,41685.8,74.06,46885.9,33.38,37.66,29.09,33.25,Process Changes
food_processing,electricity,551646.2,991044.8,121754.0,0.1094,443807.0,164268.4,63.11,48729.1,68.67,26763.8,38.88,30.68,51.31,18.01,Energy Optimization
chemical,waste,671940.8,473771.1,112117.1,0.1914,263754.5,337520.1,63.55,60711.6,87.24,18214.7,39.79,23.84,24.14,52.02,Waste-to-Value
general,raw_materials,1105204.6,776150.0,109686.5,0.1238,209219.5,296635.0,68.9,65569.4,46.16,33583.3,31.55,21.81,30.79,47.4,Recycling Loops
general,coal,315680.1,928919.0,59966.5,0.0606,871343.1,68471.3,62.6,18226.2,57.89,44273.2,43.48,52.45,33.64,13.91,Renewable Energy Substitution
metal_engineering,diesel,635516.3,425621.3,19804.9,0.0445,1088564.4,201195.3,73.56,20257.1,60.54,228560.1,57.37,58.44,16.42,25.14,Transportation Optimization
food_processing,transport,1273100.6,364523.7,34716.8,0.087,1491044.6,368824.8,54.18,28113.1,55.44,115787.4,48.94,50.24,17.73,32.03,Transportation Optimization
metal_engineering,raw_materials,564469.4,373300.4,83975.3,0.1836,271842.4,299211.4,72.68,58735.2,89.35,38124.3,25.26,26.93,24.54,48.53,Material Reuse
textile,raw_materials,933719.9,425878.0,125371.9,0.2274,395546.6,435375.2,93.32,35235.6,79.1,53684.8,56.44,17.03,21.22,61.75,Alternative Materials
general,raw_materials,2633225.6,841064.4,60520.9,0.0671,126789.4,820277.8,78.57,54796.9,89.04,22329.8,44.97,16.11,25.63,58.26,Recycled Materials
chemical,waste,417627.5,250936.4,58311.7,0.1886,184512.5,231158.9,64.49,83654.8,96.04,19208.0,43.44,23.9,28.15,47.95,Waste-to-Value
general,raw_materials,1719005.1,298174.3,123325.2,0.2926,292788.8,498692.7,86.15,47220.0,69.64,30930.4,58.92,12.27,21.49,66.24,Alternative Materials
chemical,natural_gas,1262632.3,777662.3,107131.1,0.1211,1419387.0,445423.8,66.63,20760.2,59.39,54356.5,49.71,50.72,39.91,9.37,Process Changes
general,electricity,587302.9,1373889.0,34336.4,0.0244,230080.1,212223.6,54.85,24604.9,48.71,15883.7,60.56,23.45,51.49,25.06,Renewable Energy Substitution
metal_engineering,transport,551050.3,252191.6,74839.9,0.2288,1698119.9,217620.4,63.03,27562.4,59.89,177928.3,42.77,43.7,13.53,42.77,Transportation Optimization
textile,raw_materials,1209344.7,395876.8,87302.5,0.1807,80753.3,615564.2,85.46,23143.1,61.91,25308.6,50.49,20.34,27.01,52.65,Alternative Materials
textile,coal,464072.4,2099635.0,68410.3,0.0316,720190.6,108358.9,67.76,20264.2,59.89,11871.3,54.27,52.36,25.69,21.95,Renewable Energy Substitution
food_processing,waste,654197.4,393550.9,91802.6,0.1891,322328.4,180595.9,86.54,96915.1,89.78,47054.7,41.1,27.75,20.78,51.47,Material Reuse
chemical,diesel,391771.9,232609.7,32268.5,0.1218,1793242.8,170664.0,57.18,27169.7,65.78,179022.7,54.77,43.5,12.96,43.54,Transportation Optimization
metal_engineering,waste,1625096.3,463240.1,68969.2,0.1296,369904.6,605433.6,84.41,121165.4,44.46,35593.1,35.02,29.86,32.08,38.06,Recycling Loops
chemical,raw_materials,1658580.3,532577.6,86886.5,0.1403,198399.6,533350.9,79.6,108695.7,65.29,20112.6,33.44,22.05,29.96,47.99,Recycling Loops
metal_engineering,waste,592360.2,465493.7,73262.8,0.136,135867.3,311035.9,69.45,50777.9,70.58,88804.8,29.21,18.41,20.59,61.0,Material Reuse
food_processing,waste,740173.7,336225.9,82124.3,0.1963,349265.8,358536.9,73.49,191274.9,84.69,40620.5,49.29,15.97,29.32,54.71,Waste-to-Value
general,transport,340940.3,297742.5,37210.4,0.1111,712976.1,166110.9,56.71,33384.2,52.98,99675.1,35.61,36.98,18.83,44.19,Transportation Optimization
general,raw_materials,1772914.0,493838.0,91040.1,0.1557,140173.1,586849.5,66.44,60378.7,56.82,27471.3,30.73,19.08,27.55,53.37,Recycling Loops
chemical,waste,1289076.6,310569.3,25578.3,0.0761,277751.7,699153.5,77.37,118595.0,95.17,38451.7,30.39,27.25,24.51,48.24,Waste-to-Value
general,raw_materials,884475.7,440457.8,92753.2,0.174,104334.1,463735.3,97.06,57844.6,61.2,30829.8,52.17,16.13,15.38,68.49,Alternative Materials
general,natural_gas,946135.8,692040.5,150333.2,0.1785,1082431.2,423779.6,75.57,26880.0,70.34,27831.0,50.51,40.01,39.68,20.31,Process Changes
textile,coal,1319019.2,557349.1,143676.9,0.205,1205319.6,519441.1,79.57,28134.9,69.0,45669.5,44.72,51.65,36.48,11.87,Process Changes
general,electricity,630503.7,1022048.4,199288.2,0.1632,340194.0,153727.3,67.83,49647.3,50.2,34067.3,44.78,35.59,54.48,9.93,Energy Optimization
general,natural_gas,922829.9,979925.7,246135.2,0.2008,731501.6,285562.6,64.81,24590.9,68.02,17685.9,38.36,33.63,45.11,21.26,Energy Optimization
textile,raw_materials,512794.9,302860.9,77551.1,0.2039,58436.5,281362.5,79.42,45957.2,90.58,49101.9,38.05,21.08,26.92,52.0,Material Reuse
chemical,waste,770575.8,646125.4,116336.0,0.1526,249438.2,456342.0,63.67,164696.0,78.33,33336.4,53.33,17.94,31.47,50.59,Waste-to-Value
metal_engineering,raw_materials,354036.4,267543.7,56853.8,0.1753,142126.3,162305.7,72.43,75808.1,83.79,56393.5,33.95,29.48,22.55,47.97,Material Reuse
chemical,natural_gas,1862371.6,1038536.6,147992.0,0.1247,900951.1,545504.2,74.85,37973.0,70.07,49195.0,46.48,38.92,34.37,26.71,Process Changes
general,diesel,1113179.1,294645.6,65085.7,0.1809,1776074.8,385341.1,76.98,13959.3,67.43,292042.3,41.8,44.86,16.9,38.24,Transportation Optimization
metal_engineering,transport,991772.3,181839.4,32110.8,0.1501,1045600.0,355559.3,73.78,21068.9,61.74,220789.4,40.86,53.15,20.25,26.6,Transportation Optimization
chemical,natural_gas,636229.8,1364968.6,319522.0,0.1897,560144.8,157289.4,66.86,26433.7,51.07,36310.3,43.31,26.14,38.73,35.13,Energy Optimization
food_processing,diesel,472324.8,320821.9,25618.7,0.0739,1193423.5,223498.3,76.71,10231.3,69.29,233610.3,35.95,36.17,18.07,45.76,Transportation Optimization
food_processing,natural_gas,268588.2,645741.2,101702.6,0.1361,856281.6,94833.3,69.29,36331.2,55.55,15669.4,44.75,27.34,50.57,22.09,Energy Optimization
chemical,raw_materials,952836.3,568028.7,105227.7,0.1563,198663.4,556124.2,84.56,66314.7,82.62,40226.2,50.09,27.26,31.36,41.38,Recycled Materials
textile,waste,1816020.8,475311.7,65270.5,0.1207,278224.1,672525.3,73.71,241103.7,79.15,36724.1,50.31,25.19,29.1,45.71,Waste-to-Value
general,raw_materials,892646.4,675260.1,151240.2,0.183,127614.8,467612.9,76.9,59960.5,70.68,25197.7,43.93,27.22,25.73,47.05,Recycled Materials
food_processing,coal,471294.5,844405.9,148701.2,0.1497,1131210.3,256122.5,76.69,36267.0,61.35,39502.6,38.39,48.38,41.82,9.8,Process Changes
general,electricity,563341.2,2308017.3,169343.1,0.0684,78928.3,152186.1,67.4,11812.1,61.24,38291.4,60.97,15.07,70.87,14.06,Renewable Energy Substitution
metal_engineering,raw_materials,1493570.9,468969.6,174504.0,0.2712,104113.8,715432.5,85.54,59247.9,89.7,30915.8,38.8,16.18,26.64,57.18,Recycled Materials
chemical,raw_materials,1125688.7,508857.4,85760.9,0.1442,100541.5,444870.3,84.22,78580.7,85.41,20825.8,49.97,26.75,31.71,41.54,Recycled Materials
metal_engineering,transport,619658.7,438234.9,69611.5,0.1371,1589198.8,316656.6,75.65,19680.7,43.44,283764.5,44.95,38.18,11.73,50.09,Transportation Optimization
metal_engineering,waste,656834.7,548777.9,76682.8,0.1226,130164.1,391882.7,73.44,42025.4,55.54,34533.9,40.96,24.53,38.64,36.83,Recycling Loops
food_processing,transport,568671.1,389132.4,57602.8,0.1289,1266592.2,187841.8,68.63,20253.7,44.36,248607.4,35.37,39.77,22.27,37.96,Transportation Optimization
chemical,natural_gas,943433.9,680271.5,174650.8,0.2043,877230.1,250309.6,68.06,40289.4,62.1,48718.8,31.66,31.03,47.04,21.93,Energy Optimization
metal_engineering,diesel,962770.2,426694.7,28082.1,0.0617,1182063.2,282228.6,54.81,29463.9,48.98,138535.3,46.52,45.26,23.8,30.94,Transportation Optimization
textile,raw_materials,2944055.6,612880.8,76888.4,0.1115,139134.7,1056784.4,85.54,56070.5,63.84,45488.1,52.51,23.43,24.55,52.02,Alternative Materials
chemical,natural_gas,534213.5,641849.8,175165.5,0.2144,602329.2,137344.9,79.13,42190.8,64.68,36830.3,42.27,35.18,46.98,17.84,Energy Optimization
general,diesel,1254612.2,457112.7,49100.4,0.097,1048229.6,360104.5,59.31,11985.6,53.35,270571.5,32.8,49.65,18.92,31.43,Transportation Optimization
chemical,waste,769927.4,386273.8,108124.0,0.2187,368317.9,381089.4,78.35,79774.4,93.15,30969.9,37.31,24.84,29.62,45.54,Waste-to-Value
food_processing,waste,855641.0,261553.4,29857.5,0.1025,433990.5,271143.1,77.71,72906.0,77.49,30266.3,41.62,29.27,34.17,36.56,Waste-to-Value
textile,waste,1007459.3,782807.9,128461.7,0.141,290958.3,355154.1,82.34,66236.5,59.69,17493.3,46.28,17.11,28.37,54.52,Recycling Loops
chemical,waste,1325698.9,291886.5,35965.7,0.1097,61335.4,375179.4,71.04,38926.0,75.77,83114.8,42.03,22.25,23.32,54.43,Material Reuse
chemical,raw_materials,862081.0,477652.7,21290.0,0.0427,161797.1,273098.4,77.5,40455.2,89.75,48066.8,38.54,27.05,26.24,46.71,Material Reuse
textile,coal,730431.3,668198.3,30198.0,0.0432,838738.1,261451.3,69.84,25933.3,60.23,47697.6,43.86,51.08,34.04,14.88,Process Changes
textile,natural_gas,832183.3,1383857.3,453447.7,0.2468,1162906.1,250117.5,78.12,23208.6,49.94,15227.1,40.02,38.75,38.74,22.51,Energy Optimization
food_processing,natural_gas,705877.3,921229.7,284254.3,0.2358,728609.5,297310.1,68.79,37735.3,46.26,37866.9,42.47,37.43,52.94,9.63,Energy Optimization
chemical,coal,474908.5,456157.3,177048.3,0.2796,1177921.0,223385.7,76.98,54352.2,57.88,54465.3,33.32,40.58,26.87,32.55,Process Changes
textile,natural_gas,885596.4,1329425.4,152774.8,0.1031,452459.2,255083.2,60.02,24884.2,59.6,35840.7,41.21,30.12,45.19,24.69,Energy Optimization
general,raw_materials,1831508.0,754038.1,96344.1,0.1133,382958.8,502999.8,75.04,57826.9,87.85,52519.9,38.84,22.92,23.17,53.91,Recycled Materials
general,coal,471637.8,2415897.5,177615.2,0.0685,1701330.2,131438.6,61.19,23897.3,45.14,22497.3,64.01,45.76,18.02,36.22,Renewable Energy Substitution
textile,waste,833144.8,510635.4,112532.8,0.1806,323865.9,286461.2,77.07,141168.6,88.61,37021.9,42.87,27.21,30.83,41.96,Waste-to-Value
food_processing,raw_materials,795258.4,596674.5,81635.0,0.1204,113158.5,325504.5,70.37,65717.1,89.5,81273.5,29.56,28.83,26.85,44.32,Material Reuse
food_processing,waste,1142011.7,585651.8,119068.2,0.169,131731.7,533622.4,67.08,181617.2,88.98,19603.7,35.17,24.32,21.92,53.76,Waste-to-Value
food_processing,natural_gas,1062676.6,968177.8,316174.4,0.2462,1137633.6,276991.1,62.77,44752.9,68.71,27643.7,36.82,35.58,46.24,18.18,Energy Optimization
general,electricity,815912.8,1941063.3,221641.8,0.1025,78049.6,216706.9,70.44,14385.0,50.4,26882.6,59.35,16.07,61.05,22.88,Renewable Energy Substitution
textile,electricity,620324.0,1609114.8,26456.0,0.0162,100474.0,131632.9,64.31,19526.7,45.2,10153.1,67.17,33.59,59.51,6.9,Renewable Energy Substitution
chemical,waste,511333.4,665069.5,106045.6,0.1375,176912.6,232386.1,78.47,100190.4,84.05,16924.1,35.66,26.89,32.07,41.04,Waste-to-Value
metal_engineering,coal,1095809.7,856515.3,162629.2,0.1596,519127.6,312072.8,83.16,35891.9,58.76,59261.7,34.39,36.31,42.19,21.5,Process Changes
textile,raw_materials,1498710.3,513373.7,47590.5,0.0848,207407.8,460985.5,83.7,46187.6,57.76,23223.0,37.18,15.36,29.7,54.94,Recycling Loops
food_processing,waste,1122828.2,718913.6,30094.7,0.0402,275339.3,387482.3,75.65,210782.3,81.45,31704.0,47.72,17.02,32.21,50.77,Waste-to-Value
general,coal,287427.1,1588694.6,168527.3,0.0959,616840.6,61177.7,58.17,28990.6,49.1,16658.4,52.85,57.27,19.97,22.76,Renewable Energy Substitution
chemical,natural_gas,745625.1,835403.1,173474.7,0.1719,1475399.0,217786.7,71.83,63708.3,56.17,34862.9,34.29,37.29,39.81,22.9,Process Changes
general,waste,1180430.3,813065.4,38369.3,0.0451,240358.3,509128.6,79.8,92471.7,71.81,38549.8,27.42,21.04,25.35,53.61,Recycling Loops
general,raw_materials,1187495.0,515716.3,22497.1,0.0418,340059.7,334308.2,71.98,62193.7,71.66,94361.0,25.79,24.82,23.85,51.33,Material Reuse
chemical,diesel,499848.8,258848.1,23878.3,0.0845,1231042.2,255694.4,67.25,28630.7,69.14,291999.5,35.08,43.46,13.84,42.7,Transportation Optimization
textile,electricity,846650.3,1961210.2,198546.2,0.0919,198707.6,206892.3,76.22,27152.1,50.93,36102.4,45.79,28.46,66.72,4.82,Renewable Energy Substitution
food_processing,natural_gas,704923.8,1312451.1,315583.4,0.1938,791482.2,290718.9,74.95,44754.2,53.85,34402.7,38.46,26.43,46.4,27.17,Energy Optimization
chemical,waste,1447346.8,424497.5,68116.1,0.1383,308238.9,686970.3,68.19,235397.3,81.2,44672.2,46.76,21.95,29.2,48.85,Waste-to-Value
metal_engineering,raw_materials,1070104.8,593830.4,73312.6,0.1099,135621.2,355032.9,67.52,107437.8,74.37,73881.8,29.91,25.76,30.54,43.7,Material Reuse
textile,coal,922821.6,861167.9,170084.0,0.1649,855397.6,296256.9,61.14,46514.0,66.66,50940.8,33.3,43.88,28.54,27.58,Process Changes
metal_engineering,raw_materials,1837007.3,769176.0,142762.0,0.1565,421200.8,586705.2,73.09,61913.7,78.61,45978.9,35.4,17.92,33.36,48.72,Recycled Materials
food_processing,transport,602278.1,486207.3,25727.4,0.0503,1796859.0,217647.0,71.7,24310.4,54.6,250557.3,42.29,38.15,17.33,44.52,Transportation Optimization
metal_engineering,raw_materials,1797376.5,386081.7,52716.8,0.1201,273108.6,637191.9,71.77,76676.3,82.65,40531.8,48.57,16.2,27.15,56.65,Recycled Materials
food_processing,waste,958354.6,590767.5,57207.7,0.0883,299994.0,423689.9,76.48,69609.4,86.35,23879.8,38.15,29.41,22.74,47.85,Waste-to-Value
chemical,raw_materials,2920848.1,371101.6,73332.7,0.165,259134.7,847695.2,91.85,27470.1,82.83,33010.3,39.85,26.29,33.75,39.96,Recycled Materials
chemical,waste,1075412.4,299125.0,22907.3,0.0711,80554.2,404972.9,69.59,62845.3,82.54,78528.1,27.26,21.1,24.7,54.2,Material Reuse
metal_engineering,diesel,503457.3,255407.9,30933.6,0.108,1380206.8,266058.7,52.34,23163.2,63.74,108674.8,55.13,49.46,24.26,26.28,Transportation Optimization
metal_engineering,transport,381404.8,252462.4,78963.9,0.2383,950094.2,232292.6,53.1,16515.7,41.45,218687.0,51.53,39.89,15.52,44.59,Transportation Optimization
chemical,raw_materials,1640548.3,546367.4,132525.0,0.1952,393258.8,666825.8,96.59,50581.1,67.21,58241.9,42.41,11.64,27.81,60.55,Alternative Materials
metal_engineering,electricity,579453.0,989180.0,122652.3,0.1103,656055.7,193250.8,76.54,17663.5,53.71,43793.0,39.02,25.8,51.91,22.29,Energy Optimization
textile,electricity,917937.4,2366910.5,226896.9,0.0875,295444.9,211309.0,50.36,18635.0,41.07,13293.8,46.13,22.59,70.43,6.98,Renewable Energy Substitution
metal_engineering,raw_materials,2324175.2,373178.3,95561.0,0.2039,104027.0,733026.1,92.46,22072.9,60.1,25376.6,39.39,24.85,19.84,55.31,Alternative Materials
general,waste,389667.4,259240.3,79705.1,0.2352,52506.4,209009.7,78.36,88579.1,92.92,77329.8,38.44,20.92,15.03,64.05,Material Reuse
general,diesel,608820.6,231227.7,74611.4,0.244,730817.7,171426.2,57.05,34903.8,40.14,237116.8,54.61,51.81,15.44,32.75,Transportation Optimization
food_processing,transport,599926.0,491157.9,57131.7,0.1042,1118980.1,288416.4,53.68,22851.3,69.55,144112.0,50.78,45.87,19.79,34.34,Transportation Optimization
metal_engineering,diesel,881013.7,242993.4,69340.2,0.222,1684498.7,261702.5,50.95,33174.3,61.06,185226.4,47.56,45.74,16.98,37.28,Transportation Optimization
metal_engineering,raw_materials,925531.7,432292.6,123847.6,0.2227,328643.1,370145.0,71.31,58239.8,82.91,38319.0,36.54,25.0,21.2,53.8,Recycled Materials
chemical,waste,775703.2,361408.0,46664.0,0.1144,197578.4,350470.4,70.48,94546.6,82.16,55042.7,27.14,18.58,33.99,47.43,Material Reuse
food_processing,electricity,757974.1,490576.5,156407.9,0.2417,784356.9,263879.2,84.0,37058.9,45.29,31353.8,32.62,37.06,26.55,36.39,Process Changes
textile,coal,1563651.7,1114673.3,55795.6,0.0477,962750.5,483137.2,60.48,25049.1,74.72,31215.8,51.46,38.65,32.22,29.13,Process Changes
chemical,coal,342881.0,2294078.4,207889.9,0.0831,1395427.1,52147.8,80.79,23340.0,72.61,27343.9,59.44,46.39,29.9,23.71,Renewable Energy Substitution
chemical,electricity,1094598.5,1055310.9,113355.5,0.097,1033215.5,484012.0,83.4,64514.3,56.9,59636.7,33.43,40.07,26.78,33.15,Process Changes
general,coal,642479.2,650004.4,56161.6,0.0795,1147942.8,251701.0,66.47,41975.2,64.58,24852.2,33.86,39.94,44.47,15.59,Process Changes
food_processing,coal,692081.3,589851.3,95639.7,0.1395,1441704.9,216969.2,66.64,40044.5,66.37,35035.4,50.41,36.89,32.42,30.69,Process Changes
metal_engineering,electricity,827136.5,2469905.1,87820.6,0.0343,110076.4,177609.6,63.24,28791.0,50.67,31627.1,47.72,11.27,72.36,16.37,Renewable Energy Substitution
chemical,raw_materials,3904150.8,223606.1,35874.3,0.1383,208269.7,1140487.5,89.43,40289.4,51.25,25933.7,59.71,24.48,15.07,60.45,Alternative Materials
general,coal,858231.5,934204.8,158216.8,0.1448,1533140.3,381993.3,65.94,37938.3,67.75,46035.3,33.91,36.02,38.66,25.32,Process Changes
chemical,diesel,657036.1,340653.7,50962.2,0.1301,872693.8,313569.2,71.99,10524.5,51.87,294732.3,45.53,43.69,13.81,42.5,Transportation Optimization
chemical,raw_materials,570135.1,537015.3,60070.1,0.1006,344426.4,184081.9,71.97,82866.8,78.75,90702.4,26.31,23.24,26.82,49.94,Material Reuse
chemical,waste,1587041.3,497341.2,77866.4,0.1354,90816.9,442627.6,68.56,57588.2,76.22,57338.4,30.09,22.33,23.15,54.52,Material Reuse
chemical,raw_materials,948564.1,639543.3,47942.2,0.0697,60914.1,536037.6,93.33,22057.0,64.89,43873.7,45.35,21.56,16.6,61.84,Alternative Materials
food_processing,waste,1092513.3,596306.7,81258.1,0.1199,407544.2,378444.3,67.5,100629.4,75.87,16290.4,51.75,25.18,29.91,44.91,Waste-to-Value
textile,waste,655803.1,495570.5,89835.5,0.1535,135551.1,364176.0,61.88,73938.5,79.5,29557.6,49.62,22.28,25.03,52.69,Waste-to-Value
chemical,raw_materials,876831.0,732094.5,73083.2,0.0908,451901.0,281993.6,75.08,74356.2,67.69,27722.8,34.76,27.89,27.5,44.61,Recycled Materials
chemical,waste,1551477.8,282117.6,43435.1,0.1334,329652.4,627462.8,66.32,122166.4,87.35,21347.2,50.28,26.6,22.18,51.22,Waste-to-Value
textile,coal,417325.1,826517.7,94045.2,0.1022,1360408.7,151564.0,79.38,35972.9,58.28,42454.2,41.81,47.26,26.94,25.8,Renewable Energy Substitution
chemical,raw_materials,1899048.7,349800.8,83625.2,0.1929,127423.3,1188901.2,98.22,21577.1,71.17,57009.9,41.97,18.52,28.73,52.75,Alternative Materials
general,coal,284982.2,1791920.1,39935.7,0.0218,1542962.2,64131.8,59.96,30050.9,50.86,11744.6,63.29,51.21,16.26,32.53,Renewable Energy Substitution
chemical,raw_materials,1291307.7,397811.5,65071.9,0.1406,109483.1,792715.7,91.44,32450.3,66.94,50394.3,50.53,21.29,20.76,57.95,Recycled Materials
textile,raw_materials,1576028.1,203313.3,126010.0,0.3826,297400.1,956106.5,95.8,22961.8,60.75,24634.8,56.99,19.35,19.96,60.69,Alternative Materials
general,waste,2001537.8,554298.8,72907.3,0.1162,356344.6,618167.4,67.59,117754.2,67.35,38270.2,31.41,23.65,29.12,47.23,Recycling Loops
metal_engineering,natural_gas,774685.6,1127415.1,248350.3,0.1805,1044460.8,263231.2,77.01,43119.8,57.2,28350.3,42.13,29.8,39.93,30.27,Energy Optimization
food_processing,waste,1834443.8,578747.1,43488.8,0.0699,236751.1,673281.9,66.17,186988.5,92.02,28443.9,53.44,26.05,26.87,47.08,Waste-to-Value
chemical,waste,1260746.2,462056.9,35502.1,0.0714,235919.9,359946.5,66.29,102520.5,66.93,21119.7,27.09,27.73,25.15,47.12,Recycling Loops
chemical,raw_materials,711759.6,494589.3,24132.6,0.0465,64788.3,285200.7,73.13,58672.5,82.28,54244.0,28.85,19.64,34.5,45.86,Material Reuse
food_processing,raw_materials,1360332.4,281702.6,70144.2,0.1994,157622.8,498475.8,76.04,71441.4,84.15,90005.4,41.02,21.77,29.37,48.86,Material Reuse
food_processing,natural_gas,780203.5,1140733.4,346045.9,0.2327,614527.0,210968.4,63.41,25898.2,45.51,41889.7,34.82,36.32,49.17,14.51,Energy Optimization
metal_engineering,raw_materials,1400348.4,888670.7,127426.3,0.1254,421765.6,714815.1,83.05,27934.1,73.64,43617.5,45.55,20.6,34.13,45.27,Recycled Materials
textile,waste,1001715.9,622151.9,69361.9,0.1003,179730.3,299675.1,70.64,203544.0,88.92,35658.9,37.06,22.22,20.67,57.11,Waste-to-Value
food_processing,diesel,567681.0,282465.1,63545.1,0.1837,1660483.1,330041.1,51.03,30684.2,63.23,243936.8,51.76,58.92,16.31,24.77,Transportation Optimization
chemical,electricity,567223.4,1467016.0,370909.6,0.2018,955708.7,155896.2,73.4,24022.9,51.13,40015.3,36.86,33.67,40.39,25.94,Energy Optimization
general,natural_gas,1372644.1,599118.7,65181.6,0.0981,712029.8,379902.3,68.2,56915.5,50.52,38585.1,30.3,44.63,26.12,29.25,Process Changes
metal_engineering,raw_materials,1241978.9,829202.3,129163.4,0.1348,166522.6,561593.8,84.89,62739.7,55.29,28004.5,32.49,15.23,28.3,56.47,Recycling Loops
general,coal,529805.1,1484115.7,91952.7,0.0583,645079.8,198752.5,53.83,22147.5,68.16,26365.0,63.58,51.84,34.15,14.01,Renewable Energy Substitution
metal_engineering,coal,417334.5,1794082.8,107934.1,0.0567,1436031.4,91657.1,77.79,38444.9,71.19,21250.3,51.37,61.17,26.9,11.93,Renewable Energy Substitution
food_processing,coal,376254.3,1567069.9,141267.6,0.0827,922840.7,93813.4,82.41,27151.3,43.66,16756.3,67.97,48.91,27.21,23.88,Renewable Energy Substitution
general,electricity,558955.5,1042277.0,84679.7,0.0751,228188.3,247077.0,68.95,18141.1,63.93,44278.2,44.96,18.15,61.26,20.59,Renewable Energy Substitution
chemical,natural_gas,398594.4,725362.4,192465.8,0.2097,721876.0,189867.0,62.56,43200.8,60.43,19738.4,34.36,36.21,46.37,17.42,Energy Optimization
chemical,natural_gas,672202.0,946057.2,168419.9,0.1511,541698.7,174909.3,67.58,37166.9,65.33,25398.1,31.63,33.34,48.41,18.25,Energy Optimization
chemical,electricity,831917.9,2403715.1,20695.4,0.0085,171552.2,169424.9,58.67,33141.4,61.94,10633.8,57.03,22.29,50.88,26.83,Renewable Energy Substitution
metal_engineering,raw_materials,1849178.0,894199.4,33865.4,0.0365,341411.5,678678.9,85.14,31621.3,88.16,26341.4,44.46,18.34,24.61,57.05,Recycled Materials
chemical,raw_materials,1265977.5,559704.0,110331.4,0.1647,290793.4,502985.6,89.52,74166.3,70.07,41527.4,50.54,29.43,27.63,42.94,Recycled Materials
general,waste,810744.3,522260.4,54365.1,0.0943,243847.5,446978.8,73.46,90856.6,73.2,37556.1,45.27,26.71,38.7,34.59,Recycling Loops
chemical,waste,1330282.7,463000.4,86248.1,0.157,161974.8,480261.1,84.53,158479.9,96.34,27220.0,54.97,23.69,20.63,55.68,Waste-to-Value
metal_engineering,coal,1109123.8,825787.9,145261.6,0.1496,1333731.5,397143.7,79.67,35041.9,71.44,44596.4,48.09,45.93,29.37,24.7,Process Changes
metal_engineering,coal,569858.1,2095746.1,131990.1,0.0592,926850.1,211888.8,56.51,18692.8,46.44,33597.4,59.21,58.05,23.31,18.64,Renewable Energy Substitution
metal_engineering,raw_materials,1553177.4,790466.2,106829.6,0.1191,272134.9,449359.4,97.35,37099.6,54.87,20504.3,50.31,17.91,25.79,56.3,Alternative Materials
food_processing,natural_gas,1809468.6,850974.1,41530.1,0.0465,1379880.4,520131.2,81.86,35379.1,54.77,21403.5,44.33,45.7,34.19,20.11,Process Changes
general,raw_materials,580239.2,364611.7,116423.3,0.242,295525.4,251754.9,77.37,79739.3,73.07,18540.3,40.14,20.73,39.35,39.92,Recycling Loops
general,raw_materials,2583767.3,338005.3,35673.7,0.0955,76933.6,926659.9,89.76,48990.7,51.96,32611.6,49.87,21.86,19.78,58.36,Alternative Materials
chemical,diesel,1036150.4,466669.4,68205.8,0.1275,1470984.6,282948.0,67.4,34918.2,48.34,269327.4,47.12,55.61,20.99,23.4,Transportation Optimization
metal_engineering,transport,312443.2,433011.5,51842.0,0.1069,884232.9,104311.1,50.63,25299.5,40.65,318534.9,36.77,52.77,12.33,34.9,Transportation Optimization
chemical,waste,875313.0,477168.1,98989.5,0.1718,117548.3,381811.3,79.02,103632.4,73.91,80107.9,36.37,19.12,24.49,56.39,Material Reuse
food_processing,diesel,953424.0,321368.3,20803.6,0.0608,1496099.9,354236.8,53.25,30411.5,63.15,169790.1,49.95,35.0,23.98,41.02,Transportation Optimization
chemical,raw_materials,2136734.9,673502.7,84797.5,0.1118,80422.1,783395.9,93.22,49817.6,62.95,25103.2,44.24,15.45,24.69,59.86,Alternative Materials
food_processing,natural_gas,1063574.6,1323453.6,379083.8,0.2227,487242.0,272750.8,70.52,46125.2,53.25,17171.8,36.09,25.4,49.3,25.3,Energy Optimization
general,raw_materials,1191600.8,289302.2,93784.6,0.2448,177767.9,494933.4,77.74,104812.5,70.13,79894.3,43.06,17.1,16.92,65.98,Material Reuse
chemical,raw_materials,1054572.1,455813.1,30026.7,0.0618,120619.5,620126.9,81.68,61024.8,67.24,30214.3,47.36,20.6,35.22,44.18,Recycling Loops
chemical,raw_materials,1969319.7,421888.0,26806.2,0.0597,318648.7,674854.0,96.51,54013.9,56.36,46294.1,48.39,23.2,18.24,58.56,Alternative Materials
metal_engineering,raw_materials,2838372.9,740421.1,74823.7,0.0918,146889.7,833115.3,97.77,28426.5,68.69,45262.4,54.13,11.97,25.74,62.29,Alternative Materials
chemical,waste,1646191.1,583269.2,107727.0,0.1559,404536.9,489468.3,70.75,181898.4,93.82,15169.6,54.8,17.74,27.05,55.21,Waste-to-Value
general,coal,807072.9,449580.0,163212.1,0.2663,1455757.9,292908.4,82.28,46715.4,69.18,37097.2,32.49,43.67,34.15,22.18,Process Changes
chemical,waste,656520.6,637360.8,114945.2,0.1528,135154.1,277795.2,84.0,67179.0,97.49,15139.3,51.84,19.61,34.08,46.31,Waste-to-Value
textile,raw_materials,2746379.7,693261.9,69454.6,0.0911,321464.1,1168029.0,87.85,40933.2,58.61,51714.2,50.71,19.52,26.97,53.51,Alternative Materials
textile,raw_materials,733109.3,327535.5,126099.7,0.278,104177.4,311009.8,77.38,76850.3,70.67,22449.5,26.26,19.51,33.67,46.82,Recycling Loops
chemical,raw_materials,923198.4,261937.1,34633.8,0.1168,159514.3,301353.0,79.33,40582.1,82.59,45957.5,36.48,24.56,26.13,49.31,Material Reuse
general,electricity,879132.8,2440699.7,134984.7,0.0524,256209.1,189938.9,83.86,34333.3,42.71,34964.9,54.99,10.41,52.54,37.05,Renewable Energy Substitution
general,raw_materials,2472724.2,395239.8,117043.9,0.2285,277371.5,1064301.1,94.21,42732.3,52.81,34708.6,43.83,13.66,29.6,56.74,Alternative Materials
chemical,raw_materials,925804.8,668511.7,65491.5,0.0892,293399.2,528947.2,71.65,30838.8,85.12,28393.7,35.9,22.57,31.53,45.9,Recycled Materials
food_processing,electricity,441030.2,1437054.6,266191.3,0.1563,567369.3,131493.7,76.6,38784.3,50.9,28194.8,36.61,30.56,52.77,16.67,Energy Optimization
chemical,raw_materials,1034313.0,758612.0,123561.5,0.1401,404921.0,275309.7,88.42,59073.9,76.9,41861.5,49.29,23.8,28.71,47.49,Recycled Materials
textile,electricity,714145.2,1109424.6,34531.5,0.0302,146672.9,210573.3,63.53,16139.6,42.27,12782.2,61.28,21.12,66.79,12.09,Renewable Energy Substitution
general,raw_materials,2890262.3,661927.8,41957.3,0.0596,373245.7,856168.4,82.66,31936.3,77.45,46822.2,40.13,28.2,29.73,42.07,Recycled Materials
textile,natural_gas,400976.1,917760.7,128362.6,0.1227,755466.5,98747.1,60.93,33194.2,51.2,18338.1,35.21,38.3,49.48,12.22,Energy Optimization
chemical,coal,691895.7,970367.1,170301.3,0.1493,571361.0,226916.7,61.71,59059.7,68.78,42985.7,31.84,40.47,30.95,28.58,Process Changes
chemical,raw_materials,1743962.8,588440.0,118670.6,0.1678,193112.8,488994.3,66.14,49835.2,67.8,17474.2,31.97,27.83,30.2,41.97,Recycling Loops
textile,raw_materials,1936572.8,256665.8,108790.9,0.2977,74916.0,587078.1,96.83,20930.9,74.43,31274.2,40.6,20.45,24.43,55.12,Alternative Materials
textile,waste,474095.8,381242.2,48304.5,0.1125,438027.0,204118.1,81.99,97948.4,96.79,25269.2,41.01,25.61,28.82,45.57,Waste-to-Value
general,waste,662474.7,604793.3,91472.5,0.1314,306250.0,279866.8,66.31,112965.7,73.15,18398.3,36.95,18.21,25.9,55.89,Recycling Loops
textile,waste,1240131.0,482935.7,47677.9,0.0899,341444.4,482782.2,61.94,90899.4,83.93,20568.1,49.81,21.24,21.4,57.36,Waste-to-Value
general,raw_materials,3186739.4,682089.6,140799.6,0.1711,191785.9,1115499.9,89.5,39057.5,56.78,45619.0,59.54,19.05,20.37,60.58,Alternative Materials
chemical,waste,1430299.6,433493.2,139084.0,0.2429,143169.2,458984.1,83.13,53220.7,73.98,38686.9,45.46,18.22,34.51,47.27,Recycling Loops
general,raw_materials,1060231.3,303827.4,176753.2,0.3678,486298.9,506850.9,86.02,44019.3,80.13,48190.1,50.94,21.0,31.75,47.25,Recycled Materials
textile,raw_materials,634437.3,508907.0,26042.2,0.0487,298274.4,299684.2,78.71,41723.9,78.43,40382.1,44.23,27.11,24.19,48.7,Material Reuse
chemical,coal,760716.4,852354.8,95443.4,0.1007,1093943.0,229033.8,70.77,42576.6,72.04,30433.4,49.09,47.88,25.41,26.71,Process Changes
general,waste,1588284.5,574469.9,132468.9,0.1874,266666.5,442272.9,71.36,58835.9,40.13,21037.7,37.21,20.7,31.73,47.57,Recycling Loops
metal_engineering,coal,609296.9,1997719.6,216732.2,0.0979,550732.5,139500.1,73.77,12854.9,54.37,42975.1,52.21,64.71,16.14,19.15,Renewable Energy Substitution
metal_engineering,natural_gas,953209.0,1118623.8,75666.5,0.0634,1050162.9,318940.7,64.3,36116.6,50.79,28155.5,34.12,44.78,40.96,14.26,Process Changes
chemical,raw_materials,1080389.5,587117.0,169328.9,0.2238,232788.6,552469.0,70.3,29487.9,67.76,20974.8,44.63,21.4,28.22,50.38,Recycled Materials
metal_engineering,waste,968088.3,531857.5,76314.9,0.1255,333702.1,293124.5,80.23,69864.1,85.76,61975.9,28.77,22.62,25.57,51.81,Material Reuse
general,raw_materials,1581122.5,290029.2,62207.9,0.1766,308075.0,728416.3,90.26,35779.1,63.78,51400.7,57.63,24.33,26.8,48.87,Alternative Materials
food_processing,natural_gas,1656494.7,871248.1,112452.6,0.1143,585914.7,527265.2,62.48,58467.5,45.01,55291.2,30.43,50.16,32.23,17.61,Process Changes
general,raw_materials,1057874.2,648387.1,170390.6,0.2081,368900.3,562830.7,87.81,77279.3,60.66,54388.2,33.72,27.22,24.21,48.57,Recycled Materials
chemical,raw_materials,2318407.1,750388.1,37786.4,0.0479,382583.1,701405.2,87.59,41676.0,76.19,49289.0,55.74,19.88,25.38,54.74,Alternative Materials
chemical,raw_materials,964690.6,288244.1,140456.4,0.3276,222240.7,532419.9,91.43,59201.3,64.78,33150.1,51.93,13.6,16.14,70.26,Alternative Materials
food_processing,waste,529998.4,550848.2,39454.4,0.0668,215171.2,217372.6,67.34,103334.0,90.51,80602.1,25.98,27.66,23.76,48.58,Material Reuse
chemical,raw_materials,1589945.0,665868.5,105301.0,0.1365,112100.1,790524.2,98.79,57495.5,51.3,26592.6,40.9,20.89,27.27,51.84,Alternative Materials
chemical,raw_materials,782900.5,745896.4,34922.7,0.0447,174861.0,326060.4,63.65,66026.0,50.84,28047.1,40.6,20.72,35.79,43.49,Recycling Loops
metal_engineering,electricity,545890.3,499277.5,92986.1,0.157,713656.2,316223.8,69.61,53227.6,68.23,44281.1,30.5,52.39,37.84,9.77,Process Changes
metal_engineering,coal,1486432.0,430522.9,94472.7,0.1799,569382.7,465657.6,73.24,21306.7,46.22,44506.7,47.73,43.76,36.09,20.15,Process Changes
metal_engineering,natural_gas,254239.5,1010996.8,121104.4,0.107,828619.2,86894.2,62.13,34249.9,59.79,16014.5,37.75,36.77,49.45,13.78,Energy Optimization
chemical,natural_gas,436947.1,704460.8,145406.9,0.1711,1277602.1,166055.8,73.66,23972.5,74.88,55891.9,30.46,49.42,41.1,9.48,Process Changes
textile,electricity,434434.0,1332446.2,18972.3,0.014,86714.3,87151.8,61.49,36759.1,52.89,35352.7,42.32,24.78,59.46,15.76,Renewable Energy Substitution
general,raw_materials,1189156.9,459302.8,33790.9,0.0685,311718.4,364590.7,68.62,107175.4,82.96,39373.9,37.54,18.8,31.07,50.13,Material Reuse
chemical,electricity,574607.2,2258991.8,158893.1,0.0657,286140.8,164919.2,54.34,15126.1,74.62,35394.8,41.38,27.59,57.37,15.04,Renewable Energy Substitution
general,raw_materials,1417737.8,496527.5,127672.4,0.2045,167322.8,456385.4,94.97,53039.1,53.02,29595.0,41.12,15.22,21.76,63.02,Alternative Materials
textile,waste,547416.9,442866.2,99014.9,0.1827,353676.3,229763.1,74.54,84736.0,97.25,39342.2,32.74,16.83,28.92,54.25,Waste-to-Value
textile,coal,401537.9,1488581.2,84029.8,0.0534,918092.1,125958.1,70.95,27405.6,62.28,22313.6,48.84,57.23,17.66,25.11,Renewable Energy Substitution
food_processing,waste,990454.8,323636.9,67993.6,0.1736,408419.1,410595.7,80.99,172148.1,79.41,32433.2,42.65,20.98,21.79,57.23,Waste-to-Value
food_processing,coal,618796.0,559856.7,151652.4,0.2131,672900.7,234184.9,69.15,59615.7,48.95,24889.4,40.87,40.53,36.37,23.1,Process Changes
textile,coal,356009.9,1364253.6,109653.0,0.0744,1907494.7,67158.2,61.46,23321.9,55.93,37118.3,52.42,45.54,29.2,25.26,Renewable Energy Substitution
metal_engineering,waste,892417.1,267294.6,35194.8,0.1164,188213.7,250198.0,70.69,83392.8,86.27,84471.0,33.35,16.1,20.47,63.43,Material Reuse
metal_engineering,raw_materials,656663.8,727282.2,83489.4,0.103,201792.5,258383.4,81.89,71813.3,88.73,39801.1,42.29,16.28,28.23,55.49,Recycled Materials
general,natural_gas,500664.2,998351.9,343579.6,0.256,1152404.9,158877.2,62.81,26398.3,45.76,15726.9,34.72,38.34,51.78,9.88,Energy Optimization
general,transport,470419.5,315610.6,70730.4,0.1831,1712725.7,127718.2,52.87,21901.1,57.64,187953.2,40.49,51.02,10.03,38.95,Transportation Optimization
textile,waste,657770.4,388687.9,70209.8,0.153,264766.1,394213.6,80.52,145721.2,88.88,41865.6,51.66,28.36,24.05,47.59,Waste-to-Value
general,diesel,435782.4,367100.5,70675.2,0.1614,1220250.9,169504.3,50.43,26335.0,54.79,269882.6,50.06,58.33,17.25,24.42,Transportation Optimization
chemical,natural_gas,433839.7,743495.3,238508.8,0.2429,804943.9,214018.5,77.5,43615.4,60.04,41361.6,35.37,30.95,36.24,32.81,Energy Optimization
chemical,raw_materials,796913.1,306884.0,60729.1,0.1652,94236.2,364079.5,78.01,88602.7,93.44,89735.3,43.92,18.67,17.63,63.7,Material Reuse
general,electricity,1408742.3,943487.0,103129.1,0.0985,544571.5,412451.5,81.05,52414.6,69.9,28020.4,49.56,41.44,25.27,33.29,Process Changes
chemical,raw_materials,1625147.9,745137.8,157263.8,0.1743,269051.7,446905.1,77.16,64194.2,84.5,26356.5,39.42,28.35,31.9,39.75,Recycled Materials
textile,natural_gas,783646.8,1365415.9,279165.7,0.1697,975281.2,200567.3,67.64,43345.7,59.61,28669.7,29.86,37.91,35.71,26.38,Energy Optimization
food_processing,waste,681800.6,658542.5,103370.0,0.1357,182977.1,361831.4,72.03,173366.0,81.61,32774.6,37.44,15.83,20.04,64.13,Waste-to-Value
metal_engineering,natural_gas,871927.2,1284837.2,164495.7,0.1135,642963.6,250403.3,68.35,49032.8,63.39,15542.5,42.96,22.02,37.81,40.17,Energy Optimization
chemical,raw_materials,1003526.9,304126.8,61867.1,0.169,365409.4,517278.4,78.85,73652.3,86.87,51821.1,38.28,25.37,24.07,50.56,Recycled Materials
general,raw_materials,1172002.9,479957.6,101146.3,0.1741,167208.0,480618.2,78.8,28156.6,77.5,50952.0,35.03,23.97,29.97,46.06,Recycled Materials
general,transport,1097422.5,324825.6,44051.0,0.1194,1513224.7,312391.5,59.86,12563.7,47.95,120136.6,39.66,41.55,19.57,38.88,Transportation Optimization
general,natural_gas,1501772.3,696738.7,55896.1,0.0743,777440.2,501039.3,70.9,32320.9,62.68,25684.3,35.71,45.92,29.75,24.33,Process Changes
general,raw_materials,956046.5,876895.4,130180.2,0.1293,473282.0,422572.7,83.45,62317.5,69.53,49683.8,50.94,28.27,31.09,40.64,Recycled Materials
chemical,raw_materials,1525956.8,669973.2,36050.1,0.0511,230468.1,554562.0,73.26,79156.0,66.27,24562.4,36.07,26.54,26.38,47.08,Recycled Materials
metal_engineering,raw_materials,586328.7,459134.8,76965.8,0.1436,103535.2,177855.9,86.63,54550.0,91.33,86809.5,40.45,17.53,31.44,51.03,Material Reuse
general,raw_materials,1436232.9,824584.4,154593.4,0.1579,189863.0,509566.2,79.01,78802.1,65.43,47970.5,38.68,25.96,26.3,47.74,Recycled Materials
food_processing,raw_materials,642999.8,359391.5,45353.0,0.1121,190216.2,249952.9,87.12,58463.3,72.45,66609.0,26.14,16.66,19.39,63.95,Material Reuse
food_processing,waste,1621327.7,372031.7,35857.7,0.0879,286668.3,628997.6,78.42,100965.7,84.18,30236.8,50.26,27.59,33.65,38.76,Waste-to-Value
textile,raw_materials,2250814.4,304928.9,131245.8,0.3009,129512.8,1053337.0,88.91,45715.3,70.82,40506.2,44.72,13.19,15.5,71.31,Alternative Materials
textile,natural_gas,374012.9,845020.7,194838.4,0.1874,623976.2,83528.0,71.25,19331.6,47.0,41442.5,28.16,39.18,45.31,15.51,Energy Optimization
food_processing,waste,1148153.0,307149.4,68320.4,0.182,311400.1,499616.6,78.98,65352.9,75.63,50425.8,34.59,20.51,33.28,46.21,Material Reuse
textile,waste,986196.7,627816.6,80642.5,0.1138,196611.2,358852.1,75.91,107614.6,63.75,19960.3,36.87,26.87,32.14,40.99,Recycling Loops
general,coal,736558.5,780637.5,128034.8,0.1409,660456.0,224089.3,65.11,30741.5,51.8,35806.0,44.38,43.76,40.52,15.72,Process Changes
food_processing,waste,1417063.7,665662.0,59679.3,0.0823,135074.0,536855.8,60.19,150305.7,79.43,33821.3,54.49,21.97,32.26,45.77,Waste-to-Value
textile,natural_gas,224766.5,703793.8,75852.9,0.0973,761964.2,98597.2,69.39,47653.1,62.99,17709.4,31.81,33.47,52.89,13.64,Energy Optimization
chemical,diesel,654806.2,462298.0,55101.0,0.1065,1232744.1,197684.4,57.31,25601.5,53.41,299418.7,44.78,47.79,16.25,35.96,Transportation Optimization
chemical,waste,967957.0,266701.5,33653.0,0.112,117194.4,367371.8,72.73,161146.1,81.16,42347.9,39.21,15.68,24.5,59.82,Waste-to-Value
chemical,waste,698248.0,561628.8,88299.0,0.1359,291279.8,302628.8,78.88,212712.9,87.72,29656.8,32.85,16.26,25.09,58.65,Waste-to-Value
chemical,raw_materials,1597117.5,648419.5,105826.3,0.1403,157631.5,655599.0,76.02,51830.9,62.47,36085.4,38.13,27.34,20.85,51.81,Recycled Materials
textile,waste,1903886.2,418079.8,52960.6,0.1124,405478.7,598493.8,72.87,84839.6,79.95,34686.8,39.63,27.55,34.25,38.2,Waste-to-Value
chemical,raw_materials,636359.3,476657.4,83600.9,0.1492,99006.3,186509.6,68.35,100784.6,83.2,63035.7,27.13,24.74,32.36,42.9,Material Reuse
metal_engineering,coal,853875.7,770583.7,78590.9,0.0925,1169603.5,500489.3,82.09,24882.4,57.85,38588.9,51.51,48.56,33.14,18.3,Process Changes
metal_engineering,natural_gas,673095.4,549527.6,111305.3,0.1684,810748.7,279386.9,68.79,22849.4,74.58,21261.4,44.57,42.42,37.92,19.66,Process Changes
general,raw_materials,2335739.9,786096.7,94451.0,0.1073,399944.0,843477.0,82.59,34943.2,68.06,26952.6,36.94,19.6,28.33,52.07,Recycled Materials
chemical,raw_materials,762283.3,694865.4,111710.4,0.1385,96273.3,299505.5,66.86,89285.1,45.06,18348.5,46.76,27.06,27.71,45.23,Recycling Loops
chemical,waste,1924758.2,469381.1,47237.2,0.0914,244152.2,558046.0,62.74,111389.1,76.07,27970.4,50.69,15.37,30.13,54.5,Waste-to-Value
metal_engineering,raw_materials,2321541.3,361396.0,123682.7,0.255,158626.7,709698.1,85.16,22897.9,61.77,39197.6,51.2,14.37,25.42,60.21,Alternative Materials
metal_engineering,raw_materials,599774.5,773314.2,22370.2,0.0281,118522.3,306806.6,94.06,55921.2,57.3,57081.4,39.33,24.02,20.27,55.71,Alternative Materials
chemical,diesel,386719.3,429226.6,78308.6,0.1543,1017649.3,111743.7,51.1,28980.3,56.57,270226.3,50.13,54.44,21.97,23.59,Transportation Optimization
chemical,waste,1083663.6,546193.1,115271.0,0.1743,248566.1,342522.7,66.45,43397.3,60.41,20749.0,29.26,24.81,35.22,39.97,Recycling Loops
metal_engineering,raw_materials,1747366.9,369087.7,162491.0,0.3057,265930.3,501728.4,84.51,49311.8,79.45,22150.6,48.27,29.11,29.73,41.16,Recycled Materials
general,coal,587559.0,927746.2,67945.3,0.0682,1993860.0,169110.1,77.51,33071.8,52.26,23014.7,60.27,55.0,26.41,18.59,Renewable Energy Substitution
general,waste,1371253.7,458845.5,46419.5,0.0919,157118.8,621256.5,73.0,72833.6,70.57,24874.8,33.37,18.11,30.67,51.22,Recycling Loops
textile,raw_materials,733887.7,445953.4,105675.9,0.1916,333586.1,338057.4,60.9,123950.1,52.08,17662.0,36.82,26.53,28.32,45.15,Recycling Loops
general,electricity,520070.6,1804406.7,204779.6,0.1019,218685.4,206580.8,62.84,18167.6,55.9,38249.6,52.78,28.12,67.37,4.51,Renewable Energy Substitution
general,raw_materials,3296394.8,708181.3,136101.7,0.1612,71860.2,1095118.3,91.28,40417.3,68.8,57055.3,38.42,17.15,25.32,57.53,Alternative Materials
food_processing,electricity,432258.2,974648.2,324352.7,0.2497,655356.9,174198.7,71.57,31202.8,49.22,15649.4,38.37,38.42,37.13,24.45,Energy Optimization
general,raw_materials,2646685.9,407659.8,146829.3,0.2648,274340.2,1040232.5,86.86,54480.6,77.68,39482.5,51.34,21.47,17.62,60.91,Alternative Materials
food_processing,transport,322136.5,170063.5,61700.8,0.2662,1046315.3,159809.4,66.35,34344.0,60.85,203101.8,52.2,52.49,22.96,24.55,Transportation Optimization
general,electricity,396755.5,592899.7,68653.0,0.1038,540976.5,205817.8,79.29,45644.5,66.9,21162.3,32.5,21.53,50.57,27.9,Energy Optimization
chemical,transport,465838.7,198517.4,55133.4,0.2174,1328978.2,164011.6,64.23,31582.7,45.23,94418.4,48.95,36.34,24.7,38.96,Transportation Optimization
food_processing,electricity,589379.0,2392877.9,26732.1,0.011,126526.0,142665.2,67.43,26265.9,50.52,33354.1,58.06,24.45,48.41,27.14,Renewable Energy Substitution
chemical,coal,1192141.0,938360.3,152459.7,0.1398,1525494.6,500518.7,67.98,46386.4,47.32,30314.8,32.07,41.3,42.5,16.2,Process Changes
chemical,electricity,358783.7,762448.1,120556.2,0.1365,567898.1,177088.4,66.28,28097.4,60.52,41688.4,40.5,36.29,35.64,28.07,Energy Optimization
general,diesel,696133.6,274146.3,74684.8,0.2141,1795864.9,383610.4,71.88,23953.6,57.72,213968.2,50.38,45.47,20.04,34.49,Transportation Optimization
textile,raw_materials,1035077.1,606376.2,116608.4,0.1613,253227.3,345753.0,63.41,119880.7,56.48,36952.9,38.89,25.11,37.06,37.83,Recycling Loops
metal_engineering,transport,1170890.5,219531.2,24140.1,0.0991,747895.5,358902.4,50.95,34425.4,45.96,115374.1,47.0,37.0,19.04,43.96,Transportation Optimization
food_processing,waste,768602.6,298123.2,80975.1,0.2136,319262.3,469039.8,76.55,82074.3,87.77,23616.4,53.5,26.43,34.59,38.98,Waste-to-Value
general,raw_materials,694428.9,799542.2,64043.0,0.0742,392452.2,326567.0,83.84,44819.0,64.82,28302.8,36.51,18.35,35.58,46.07,Recycling Loops
textile,raw_materials,844279.3,684464.1,136491.9,0.1663,161301.2,399046.7,88.19,37084.3,74.54,54429.2,38.15,17.66,21.26,61.08,Alternative Materials
chemical,electricity,797032.1,1771988.7,129511.0,0.0681,104617.6,180233.7,76.79,20736.7,68.05,22207.7,61.23,10.84,61.53,27.63,Renewable Energy Substitution
chemical,natural_gas,613863.1,984368.2,239659.9,0.1958,432644.9,151406.8,68.2,43287.4,64.25,22804.2,38.48,24.87,54.76,20.37,Energy Optimization
metal_engineering,raw_materials,2170257.6,320205.8,161877.9,0.3358,197358.7,612269.2,70.86,61676.6,69.69,51427.2,49.76,19.88,33.51,46.61,Recycled Materials
textile,raw_materials,1663914.9,723549.0,80856.1,0.1005,308507.8,531170.9,63.46,126956.0,68.74,20112.1,30.1,16.88,27.08,56.04,Recycling Loops
chemical,natural_gas,572574.5,1190131.3,235924.9,0.1654,1091737.2,295556.7,69.88,28672.4,56.8,44845.8,38.97,20.9,45.84,33.26,Energy Optimization
general,raw_materials,687067.6,828583.8,162437.2,0.1639,363618.2,387300.7,88.99,73735.1,65.9,45809.9,37.73,26.51,34.27,39.22,Recycled Materials
textile,raw_materials,931262.8,824218.5,86841.0,0.0953,342114.3,446207.4,61.02,68350.7,60.14,38764.8,44.9,18.43,28.3,53.27,Recycling Loops
food_processing,raw_materials,1313809.0,209027.4,29028.7,0.1219,232840.3,437201.8,71.56,52940.8,89.67,38382.9,32.39,22.59,26.21,51.2,Material Reuse
textile,waste,1219850.8,551050.9,68221.2,0.1102,224662.5,673543.8,75.07,170023.8,80.33,16400.9,53.63,19.71,26.64,53.65,Waste-to-Value
chemical,waste,1646417.1,348951.7,106339.1,0.2336,133252.6,553865.3,66.25,77534.4,52.27,36470.3,28.78,23.48,27.13,49.39,Recycling Loops
textile,raw_materials,2799430.8,226047.5,102309.7,0.3116,382991.2,841450.6,96.47,55368.3,56.84,28481.8,51.44,16.17,27.6,56.23,Alternative Materials
chemical,natural_gas,830189.0,959503.1,140267.4,0.1275,819452.0,271391.5,79.57,33351.8,61.88,29974.1,47.97,37.21,41.59,21.2,Process Changes
general,raw_materials,1149524.9,400922.2,161899.5,0.2877,322816.2,400397.4,81.05,65231.7,88.74,27715.6,49.72,28.24,32.84,38.92,Recycled Materials
chemical,waste,1257404.7,386460.9,41117.8,0.0962,269396.8,550931.2,65.68,60779.3,82.89,44065.8,47.37,21.02,22.89,56.09,Waste-to-Value
textile,waste,1758335.3,356394.0,97385.2,0.2146,110147.3,539427.0,60.51,62443.8,71.17,32963.3,27.61,27.32,32.4,40.28,Recycling Loops
chemical,waste,1623111.5,680465.2,103056.4,0.1315,142801.1,624293.8,70.35,108202.4,95.0,27960.7,50.21,18.95,20.06,60.99,Waste-to-Value
chemical,transport,1285881.7,459372.9,50345.5,0.0988,648162.1,375970.6,64.68,31714.7,65.71,277622.9,33.6,41.18,23.13,35.69,Transportation Optimization
textile,waste,1592235.1,733720.0,107882.6,0.1282,161349.7,587937.8,82.34,57473.7,44.57,39390.1,45.1,27.93,37.66,34.41,Recycling Loops
textile,waste,1224375.6,577310.7,101217.4,0.1492,445871.2,373181.8,74.98,238057.5,78.84,36529.4,48.87,16.33,32.92,50.75,Waste-to-Value
metal_engineering,raw_materials,731376.4,751867.7,90993.8,0.108,137535.3,410491.2,84.2,107768.8,68.39,15820.6,36.29,24.7,37.45,37.85,Recycling Loops
metal_engineering,raw_materials,2216637.9,273752.4,135525.7,0.3311,226079.4,704414.8,93.2,44991.4,52.15,47304.7,43.32,20.71,27.34,51.95,Alternative Materials
metal_engineering,diesel,629465.4,345185.2,36521.1,0.0957,1012779.6,187075.4,63.66,18426.0,56.44,267909.0,49.54,42.36,17.93,39.71,Transportation Optimization
food_processing,electricity,566486.9,1128908.6,34348.9,0.0295,1347801.5,194133.9,60.69,32316.3,53.08,52772.8,45.63,52.6,37.77,9.63,Process Changes
textile,raw_materials,2304942.6,569591.3,44443.2,0.0724,174384.6,1005412.6,92.76,20209.2,72.83,21412.5,54.41,13.04,29.37,57.59,Alternative Materials
food_processing,waste,863363.8,325396.4,104415.2,0.2429,427567.0,268482.6,72.21,109188.9,92.35,36648.9,33.52,28.16,22.71,49.13,Waste-to-Value
food_processing,waste,944337.0,515985.9,58895.6,0.1024,377276.0,579064.6,82.77,62817.7,93.61,43153.9,49.73,16.95,21.22,61.83,Waste-to-Value
chemical,raw_materials,860339.5,504597.1,123171.3,0.1962,344931.9,372270.9,74.73,104873.5,48.44,19203.5,47.39,24.26,39.72,36.02,Recycling Loops
textile,waste,538596.6,334580.1,36896.7,0.0993,143954.6,212594.4,85.74,64789.0,76.13,61904.5,31.41,26.01,34.22,39.77,Material Reuse
chemical,waste,624148.7,513098.3,94998.5,0.1562,257578.2,204548.0,70.6,98164.5,75.23,39351.3,39.07,21.04,33.4,45.56,Material Reuse
textile,natural_gas,576010.5,1063264.7,292106.1,0.2155,1021287.3,238619.7,74.0,48549.4,59.91,37270.6,42.44,33.4,49.66,16.94,Energy Optimization
chemical,electricity,565553.1,2367545.0,95684.6,0.0388,228989.7,146575.0,71.94,25131.2,73.85,34223.7,47.04,32.74,53.82,13.44,Renewable Energy Substitution
textile,raw_materials,809553.1,484448.7,24157.3,0.0475,307924.3,310388.7,71.04,53132.3,82.08,88209.9,32.57,26.25,16.94,56.81,Material Reuse
general,raw_materials,2125198.5,650706.8,29231.0,0.043,78063.0,619294.2,98.18,46742.9,70.36,34476.8,51.06,10.15,24.54,65.31,Alternative Materials
food_processing,transport,977142.3,370642.3,15933.9,0.0412,1617555.1,316892.6,65.93,28264.8,42.83,211590.8,39.57,55.35,21.33,23.32,Transportation Optimization
chemical,raw_materials,555150.0,356967.1,122150.2,0.2549,128880.1,237317.2,76.04,82474.4,71.78,24079.7,32.32,22.51,31.84,45.65,Recycling Loops
chemical,raw_materials,1883860.7,871237.5,140689.2,0.139,338971.7,822581.9,71.09,39138.4,73.95,27944.2,46.88,28.79,26.36,44.85,Recycled Materials
chemical,raw_materials,2981492.6,618482.9,108418.3,0.1492,266514.0,977445.0,87.22,55234.8,76.16,21169.9,56.17,11.93,20.03,68.04,Alternative Materials
textile,waste,1324275.8,577153.2,32603.1,0.0535,184815.4,586839.7,73.22,236314.1,84.86,41094.4,41.22,29.69,34.4,35.91,Waste-to-Value
chemical,natural_gas,1069753.8,582271.9,188077.5,0.2441,1082264.6,299540.1,71.7,41291.7,50.07,38363.5,39.05,38.02,51.62,10.36,Energy Optimization
textile,raw_materials,2431919.5,503511.6,129291.4,0.2043,306480.5,788013.5,93.26,40334.4,58.93,42600.9,53.16,23.1,24.54,52.36,Alternative Materials
chemical,raw_materials,2067663.7,735650.9,48195.4,0.0615,221110.1,596106.1,82.42,58032.1,64.99,33290.8,44.34,29.41,30.77,39.82,Recycled Materials
metal_engineering,diesel,625950.7,371771.4,27186.2,0.0681,1594394.2,360393.9,65.7,32813.9,65.34,258204.6,51.09,37.63,14.06,48.31,Transportation Optimization
textile,raw_materials,552904.3,252128.2,71474.3,0.2209,109154.9,184163.5,68.84,104279.9,90.54,56243.9,38.12,23.06,28.54,48.4,Material Reuse
general,diesel,315603.4,447207.1,53180.1,0.1063,793484.2,104566.7,71.02,23753.5,59.52,277032.5,43.29,38.11,24.1,37.79,Transportation Optimization
chemical,raw_materials,1233763.3,560267.3,97950.0,0.1488,226024.3,602341.1,72.45,115762.8,68.05,25262.6,31.06,21.09,37.39,41.52,Recycling Loops
metal_engineering,natural_gas,702658.9,1393889.8,441087.4,0.2404,694568.4,163851.5,78.66,40030.8,68.21,42894.1,38.36,22.32,40.83,36.85,Energy Optimization
food_processing,diesel,630162.8,284511.2,70386.2,0.1983,1525644.9,276692.6,58.25,33449.7,59.6,313209.6,47.08,54.06,21.61,24.33,Transportation Optimization
general,natural_gas,798890.1,488973.3,34776.3,0.0664,1222473.4,394099.6,77.71,49717.4,48.43,31643.2,32.85,50.94,39.23,9.83,Process Changes
chemical,waste,904763.2,406066.8,99222.8,0.1964,233402.5,279840.8,82.76,47784.7,79.61,55817.5,33.64,26.73,24.68,48.59,Material Reuse
chemical,waste,1068496.7,562746.6,66989.6,0.1064,75620.7,307431.4,82.4,94560.1,82.36,88684.9,30.35,21.16,32.97,45.87,Material Reuse
general,raw_materials,2400680.0,247644.0,115094.5,0.3173,115594.2,1072359.3,96.47,41631.8,71.31,32574.0,48.37,22.32,21.89,55.79,Alternative Materials
general,raw_materials,1029148.2,462335.6,67318.8,0.1271,476823.3,443877.1,87.06,46621.7,64.18,20375.0,42.89,29.64,25.54,44.82,Recycled Materials
food_processing,raw_materials,538686.5,326903.7,81304.3,0.1992,199384.6,258511.9,83.68,100036.4,86.83,37817.9,36.33,26.45,17.73,55.82,Material Reuse
chemical,electricity,388478.4,1241783.3,413152.8,0.2496,448967.8,111735.3,70.83,36505.2,57.0,35963.8,31.07,29.59,48.16,22.25,Energy Optimization
textile,coal,627463.5,1060388.8,6620.6,0.0062,1157341.2,211327.2,70.51,28190.4,47.02,22036.3,63.67,46.76,32.16,21.08,Renewable Energy Substitution
food_processing,electricity,750426.0,766036.3,81114.5,0.0957,1014595.7,274566.3,70.95,36151.1,61.99,29517.0,51.75,45.02,28.88,26.1,Process Changes
chemical,coal,531941.8,2081815.8,166361.2,0.074,1247789.2,143558.0,67.41,23110.7,53.75,27489.2,54.8,58.84,29.22,11.94,Renewable Energy Substitution
textile,waste,884701.5,620404.7,82139.8,0.1169,335075.0,394582.3,72.2,248074.8,79.92,27535.7,37.3,26.48,31.46,42.06,Waste-to-Value
chemical,raw_materials,1867708.8,772442.5,139075.4,0.1526,174092.7,519609.5,62.88,76612.8,69.68,24191.5,39.0,22.56,34.69,42.75,Recycling Loops
general,diesel,242392.1,452075.9,26733.0,0.0558,1741850.6,117741.8,79.51,31444.2,59.81,259049.0,33.89,36.04,11.53,52.43,Transportation Optimization
textile,waste,1447225.8,265096.0,35006.7,0.1166,437920.0,670431.8,64.85,90717.7,80.53,30466.4,44.24,18.32,31.35,50.33,Waste-to-Value
general,natural_gas,248188.5,854004.9,298202.8,0.2588,691052.4,85382.2,67.25,19472.4,48.04,24853.7,28.91,33.77,36.48,29.75,Energy Optimization
chemical,waste,1125264.9,368134.2,91608.0,0.1993,344795.7,372966.6,68.72,102938.7,82.91,44225.0,43.43,26.36,29.63,44.01,Material Reuse
chemical,raw_materials,1771814.4,463707.0,33736.4,0.0678,274289.2,494434.4,93.67,46008.0,54.56,22454.0,55.18,16.9,15.87,67.23,Alternative Materials
metal_engineering,electricity,710776.1,725402.1,116122.9,0.138,817238.3,203341.4,75.37,41523.5,61.77,30719.6,43.14,32.45,54.8,12.75,Energy Optimization
textile,electricity,463664.9,871266.9,119211.4,0.1204,755188.9,180260.0,79.94,36392.3,64.66,26690.5,42.14,32.3,48.94,18.76,Energy Optimization
general,raw_materials,1916734.1,630851.7,96694.9,0.1329,196808.1,607013.3,72.58,81830.6,74.91,27337.5,29.92,22.7,37.21,40.09,Recycling Loops
metal_engineering,raw_materials,1502541.4,411466.2,42744.9,0.0941,274498.4,677899.8,79.63,40221.5,76.75,32145.1,50.66,28.84,27.54,43.62,Recycled Materials
chemical,waste,367913.6,330232.5,98687.8,0.2301,250205.3,165346.4,72.51,81748.6,71.41,36433.1,34.0,19.99,23.77,56.24,Material Reuse
chemical,electricity,632747.6,515945.7,161625.2,0.2385,768902.0,216686.5,61.83,30141.5,50.68,23897.9,36.57,36.25,49.88,13.87,Energy Optimization
textile,waste,641112.1,495592.1,117010.4,0.191,243268.1,257532.4,78.47,75719.9,49.2,24387.5,36.95,20.15,28.63,51.22,Recycling Loops
textile,electricity,866845.2,1092474.6,292852.2,0.2114,333508.1,268176.5,78.13,44765.8,65.62,41073.8,38.77,33.57,51.13,15.3,Energy Optimization
metal_engineering,raw_materials,573953.6,372393.2,33982.9,0.0836,346130.0,346402.6,80.81,59406.4,72.37,93552.3,30.73,21.36,28.0,50.64,Material Reuse
general,raw_materials,1337612.6,880656.9,95961.1,0.0983,211347.4,768890.6,77.18,41466.1,66.98,24538.8,37.13,20.33,30.11,49.56,Recycled Materials
chemical,waste,1642521.4,454110.9,51015.0,0.101,145963.1,609582.3,84.9,122613.0,83.78,33541.1,47.96,20.88,33.57,45.55,Waste-to-Value
metal_engineering,electricity,795898.4,1088561.6,44641.5,0.0394,764490.1,312615.3,81.65,62249.7,74.78,58367.7,30.13,35.95,27.95,36.1,Process Changes
metal_engineering,diesel,1072453.4,202710.1,76204.3,0.2732,1345159.7,354121.3,57.4,28485.3,63.43,181410.1,41.98,51.44,11.4,37.16,Transportation Optimization
metal_engineering,raw_materials,1554229.7,660313.0,72251.0,0.0986,217956.5,864754.9,97.23,59363.3,73.05,36710.7,47.27,21.06,18.58,60.36,Alternative Materials
metal_engineering,raw_materials,1969546.7,366428.7,44455.8,0.1082,212294.4,618017.0,93.17,23109.4,79.23,59448.4,53.36,18.04,19.64,62.32,Alternative Materials
general,diesel,532379.1,180716.5,70996.1,0.2821,1551615.3,194661.8,60.66,11161.5,40.47,199711.4,34.48,39.85,22.7,37.45,Transportation Optimization
metal_engineering,transport,438512.6,273409.5,62355.3,0.1857,1333211.1,124354.5,69.13,21926.9,68.04,156540.0,50.88,53.27,13.32,33.41,Transportation Optimization
textile,raw_materials,1027073.3,642124.2,132163.6,0.1707,125858.9,386143.1,85.33,45678.9,68.21,41867.9,43.1,15.86,23.92,60.22,Alternative Materials
food_processing,waste,1835421.3,692961.8,105523.1,0.1322,173738.1,512145.2,61.82,218975.0,79.01,17124.4,40.01,23.65,32.82,43.53,Waste-to-Value
general,electricity,509800.1,602805.0,167846.9,0.2178,1236936.9,155377.6,65.12,50727.7,67.93,53594.4,36.43,53.62,36.06,10.32,Process Changes
food_processing,waste,535753.6,601670.5,44235.5,0.0685,333890.8,291238.2,75.34,138272.3,90.04,44851.6,53.45,15.06,33.28,51.66,Waste-to-Value
chemical,diesel,387023.5,451556.6,16861.1,0.036,1726991.1,113001.6,68.44,27334.7,43.22,101042.7,52.41,44.62,11.61,43.77,Transportation Optimization
general,natural_gas,631829.7,1408524.0,296271.6,0.1738,971735.4,284656.0,78.15,16993.4,50.14,31691.7,35.34,32.82,53.89,13.29,Energy Optimization
food_processing,electricity,923577.2,1039522.9,151509.9,0.1272,694863.5,255903.3,69.24,20204.5,63.1,21536.9,40.56,29.59,44.07,26.34,Energy Optimization
chemical,raw_materials,3378442.4,400706.8,23405.6,0.0552,58467.1,1048527.3,88.82,40723.2,58.96,57627.2,43.7,16.44,28.09,55.47,Alternative Materials
chemical,raw_materials,1355679.3,422622.5,50686.4,0.1071,216966.2,496227.7,66.6,41086.3,58.16,30144.0,47.18,23.84,32.07,44.09,Recycling Loops
metal_engineering,raw_materials,2342740.2,392214.6,115891.1,0.2281,210805.0,848849.9,82.83,57606.2,70.65,21819.6,32.63,21.35,21.27,57.38,Recycled Materials
chemical,coal,836007.9,1012864.0,96794.2,0.0872,880602.7,330482.2,78.71,60599.9,46.49,40964.5,30.72,44.37,42.71,12.92,Process Changes
food_processing,electricity,629127.7,1912577.8,15803.4,0.0082,79429.5,233222.2,72.05,35295.5,71.44,25678.0,41.36,14.71,47.0,38.29,Renewable Energy Substitution
general,diesel,1029030.5,447423.6,66850.8,0.13,1784147.9,309143.4,72.53,34570.1,40.21,235831.1,51.21,54.56,21.9,23.54,Transportation Optimization
metal_engineering,coal,326180.0,776940.3,38145.8,0.0468,1577609.4,90744.5,72.63,30612.7,48.93,31019.5,59.18,54.33,21.73,23.94,Renewable Energy Substitution
metal_engineering,electricity,1003264.1,1246459.8,413704.4,0.2492,882174.2,293464.6,66.89,27247.5,58.58,28422.6,28.02,34.64,50.03,15.33,Energy Optimization
metal_engineering,waste,1379922.9,647972.4,137361.5,0.1749,179392.3,407436.3,76.85,88735.6,69.52,34043.6,27.28,29.6,35.83,34.57,Recycling Loops
metal_engineering,raw_materials,2005077.1,576967.3,128346.0,0.182,379629.7,563316.9,75.89,67334.9,74.4,21853.4,30.46,21.63,25.85,52.52,Recycling Loops
chemical,raw_materials,1257241.2,649628.7,151871.1,0.1895,230776.4,448733.6,78.86,61987.9,80.47,31033.4,34.66,24.49,21.92,53.59,Recycled Materials
metal_engineering,diesel,812001.6,370846.9,42183.2,0.1021,1075536.6,307078.8,72.2,22755.3,69.08,309810.9,42.72,55.52,18.15,26.33,Transportation Optimization
textile,waste,494117.4,563364.0,82503.3,0.1277,55820.4,264452.4,79.44,55639.3,92.74,73033.4,26.44,27.86,33.23,38.91,Material Reuse
textile,waste,2165279.1,276174.4,115122.3,0.2942,324521.6,638459.5,76.9,127826.9,86.79,35272.4,54.01,18.81,33.12,48.07,Waste-to-Value
food_processing,waste,1120836.4,594782.2,63840.1,0.0969,172151.2,401376.8,61.9,192127.4,80.81,24342.2,33.03,27.97,27.4,44.63,Waste-to-Value
chemical,diesel,547741.7,225208.3,33473.7,0.1294,674494.2,191191.1,59.62,34045.8,57.69,271098.0,33.18,37.66,22.22,40.12,Transportation Optimization
textile,natural_gas,363763.6,923239.4,222475.8,0.1942,1155613.7,103949.3,60.66,36278.5,68.73,49640.3,36.23,29.36,47.9,22.74,Energy Optimization
general,electricity,319747.1,948311.8,25307.0,0.026,194283.7,102996.2,73.15,28242.1,43.79,32960.5,65.87,14.03,62.91,23.06,Renewable Energy Substitution
general,coal,1442800.5,747967.3,46795.9,0.0589,655154.7,478431.4,82.15,30560.8,48.4,22136.7,43.38,49.31,32.46,18.23,Process Changes
food_processing,transport,453886.0,325237.0,40860.8,0.1116,1607929.0,126202.1,62.51,19392.5,50.5,160769.2,37.46,39.32,19.61,41.07,Transportation Optimization
chemical,raw_materials,1464187.9,598947.0,123408.5,0.1708,374512.2,511177.9,90.59,26096.6,79.77,57080.0,49.88,22.63,22.81,54.56,Alternative Materials
metal_engineering,raw_materials,839418.1,431725.4,91120.0,0.1743,220791.5,371102.8,76.93,38837.4,75.82,64520.1,31.2,17.73,25.08,57.19,Material Reuse
metal_engineering,raw_materials,687049.0,659579.6,107056.2,0.1396,215273.8,254201.8,80.92,40709.4,82.04,20838.1,43.7,29.12,22.62,48.26,Recycled Materials
metal_engineering,natural_gas,963460.9,1278535.4,232793.3,0.154,724806.7,255709.2,60.93,20549.0,54.95,23047.4,33.74,39.38,50.76,9.86,Energy Optimization
metal_engineering,raw_materials,872309.9,500640.7,89185.8,0.1512,311976.2,354888.8,82.58,69298.8,82.8,25386.5,34.98,19.02,25.42,55.56,Recycled Materials
chemical,coal,600816.9,1084904.2,64622.7,0.0562,1433610.0,205678.6,74.51,59964.9,59.21,49862.7,47.7,48.17,42.14,9.69,Process Changes
general,electricity,464006.0,1440081.9,40494.8,0.0274,178561.8,209492.9,79.14,35395.6,51.85,37771.0,45.94,26.62,68.7,4.68,Renewable Energy Substitution
textile,electricity,632029.6,1367832.5,239898.7,0.1492,708668.5,195751.4,77.01,47606.3,68.24,15278.4,43.67,21.09,40.32,38.59,Energy Optimization
metal_engineering,raw_materials,1336630.1,308228.7,59100.1,0.1609,244489.9,457917.2,83.14,98081.1,54.52,38258.8,43.27,18.0,26.96,55.04,Recycling Loops
general,natural_gas,858562.0,1049922.0,101472.5,0.0881,1438003.0,248858.0,60.44,47864.4,58.74,42686.6,49.79,53.29,36.92,9.79,Process Changes
chemical,waste,1292225.4,726150.7,100334.4,0.1214,302545.2,523402.8,83.26,141385.1,82.62,44317.2,51.59,19.85,26.96,53.19,Waste-to-Value
metal_engineering,transport,706098.9,365352.9,75671.7,0.1716,1717900.4,271628.4,58.93,34927.8,60.42,183940.4,46.56,45.4,23.32,31.28,Transportation Optimization
chemical,diesel,1212801.0,436333.2,26834.4,0.0579,667469.9,384368.1,50.11,34420.7,61.87,165554.8,50.14,55.45,13.68,30.87,Transportation Optimization
metal_engineering,transport,764046.2,172846.0,20318.6,0.1052,751160.1,350752.9,69.74,11613.1,51.73,154074.6,47.03,48.07,17.22,34.71,Transportation Optimization
food_processing,waste,537902.3,608398.9,81517.0,0.1182,213688.4,212685.7,78.75,100803.2,94.19,27608.7,44.43,28.09,32.95,38.96,Waste-to-Value
food_processing,diesel,484807.3,491471.6,54505.3,0.0998,1537317.3,234959.4,65.96,20723.9,61.09,285838.3,45.19,47.02,15.1,37.88,Transportation Optimization
textile,coal,642742.6,580789.4,128462.0,0.1811,680638.7,172392.1,63.03,61849.3,61.55,51853.8,37.32,46.85,34.9,18.25,Process Changes
metal_engineering,raw_materials,1466431.9,550316.1,54033.8,0.0894,168374.6,521794.1,86.66,74388.1,62.52,33758.6,34.0,15.25,29.93,54.82,Recycled Materials
chemical,natural_gas,811294.0,707885.0,146417.5,0.1714,974816.9,282891.1,70.28,47128.0,74.99,39719.7,34.59,38.26,25.85,35.89,Process Changes
chemical,raw_materials,1432224.9,515525.2,153532.8,0.2295,428278.5,560277.8,77.72,44940.8,84.17,31486.3,36.18,16.27,27.0,56.73,Recycled Materials
food_processing,electricity,487062.4,1535605.3,60456.0,0.0379,151181.3,214529.3,70.77,39920.3,67.54,19578.3,47.4,18.4,70.3,11.3,Renewable Energy Substitution
textile,natural_gas,477162.6,736247.0,240823.2,0.2465,752384.4,224350.1,68.31,37085.5,54.65,26888.7,38.79,31.82,40.87,27.31,Energy Optimization
food_processing,coal,825834.8,1940007.6,31013.4,0.0157,1253096.9,206162.9,57.66,36138.6,41.85,37376.8,57.24,51.3,29.42,19.28,Renewable Energy Substitution
chemical,raw_materials,2356277.7,363169.8,118721.8,0.2464,207408.9,999039.5,85.92,39502.8,51.01,22506.1,57.94,12.09,22.99,64.92,Alternative Materials
chemical,raw_materials,1529957.3,370904.3,24795.3,0.0627,263347.5,752411.1,85.72,31145.9,77.25,29582.5,41.19,17.34,29.78,52.88,Alternative Materials
chemical,transport,279708.4,452691.8,70726.5,0.1351,1741873.0,122796.6,66.1,26217.1,61.32,238088.5,52.02,43.99,12.69,43.32,Transportation Optimization
general,raw_materials,2211705.7,299464.7,142940.8,0.3231,347491.4,902120.1,91.47,36470.6,69.53,41817.3,39.37,17.69,27.1,55.21,Alternative Materials
metal_engineering,waste,480610.5,209756.4,66514.0,0.2408,214679.8,226762.1,74.86,83919.8,88.18,35043.0,43.74,17.47,19.67,62.86,Material Reuse
chemical,waste,869419.2,564247.7,41402.4,0.0684,190524.1,434030.4,65.83,171842.3,96.23,37442.7,46.66,23.74,27.32,48.94,Waste-to-Value
chemical,raw_materials,1771218.1,462483.8,67134.0,0.1268,125010.5,548311.3,86.12,58370.2,80.19,22840.2,51.03,27.58,32.08,40.34,Recycled Materials
food_processing,electricity,559859.7,1116838.4,159871.4,0.1252,671748.9,186144.6,69.18,49087.9,46.14,48283.9,37.89,35.91,43.61,20.48,Energy Optimization
metal_engineering,electricity,542669.3,1192255.4,256127.6,0.1768,421705.8,149256.2,66.4,39513.5,47.84,44017.4,40.94,23.73,49.38,26.89,Energy Optimization
textile,waste,889569.2,308989.5,104154.9,0.2521,346966.9,488670.9,82.24,193058.2,79.64,27892.4,42.35,15.83,34.32,49.85,Waste-to-Value
chemical,waste,783113.3,831109.2,31634.2,0.0367,233960.2,350015.5,71.23,91359.8,55.25,25371.2,42.12,25.29,37.5,37.21,Recycling Loops
chemical,raw_materials,895994.2,886204.2,45284.0,0.0486,103328.0,531828.8,72.04,66161.1,87.44,35190.7,37.17,21.52,30.85,47.63,Recycled Materials
metal_engineering,raw_materials,856962.2,630406.9,105001.6,0.1428,397920.5,304551.0,75.6,81428.9,41.38,15361.8,28.62,24.74,33.51,41.75,Recycling Loops
textile,waste,1551300.1,835137.6,46842.5,0.0531,166166.5,465765.3,75.25,53857.7,67.78,34630.1,31.22,19.33,39.07,41.6,Recycling Loops
food_processing,transport,391510.0,354293.8,26926.4,0.0706,1324115.8,116953.3,68.28,23850.4,59.66,295959.4,54.11,54.52,22.58,22.9,Transportation Optimization
chemical,raw_materials,2414404.9,532281.3,59718.2,0.1009,188943.5,702482.3,93.41,40627.2,77.58,39878.5,59.83,22.77,18.13,59.1,Alternative Materials
food_processing,waste,813731.8,392566.6,43565.1,0.0999,103904.1,321162.9,76.97,103906.9,86.71,41634.5,47.34,20.92,25.59,53.49,Waste-to-Value
chemical,diesel,326293.3,404669.6,24343.2,0.0567,795103.6,148849.6,76.73,11900.9,64.05,143721.3,44.18,56.94,18.48,24.58,Transportation Optimization
general,raw_materials,708302.2,276424.9,83241.1,0.2314,186187.6,255581.8,73.83,99080.0,88.72,51338.9,27.35,18.78,33.42,47.8,Material Reuse
general,raw_materials,2304277.4,804545.2,63185.8,0.0728,252396.5,775463.7,88.12,46153.6,73.77,30615.0,50.65,16.78,34.01,49.21,Recycled Materials
chemical,electricity,601710.5,968034.7,148460.1,0.133,1141144.8,255252.1,61.11,49963.0,62.37,20609.3,32.03,33.85,50.6,15.55,Energy Optimization
general,transport,914572.2,205598.2,37208.8,0.1532,792674.9,329985.2,51.77,31010.2,68.27,245624.4,37.54,44.0,17.16,38.84,Transportation Optimization
textile,natural_gas,508087.5,939000.5,139385.3,0.1293,1259607.9,195584.8,76.42,32599.4,45.86,36593.2,39.54,44.34,39.1,16.56,Process Changes
general,raw_materials,702163.4,464744.1,48442.4,0.0944,292657.6,253145.5,78.14,90904.8,79.47,53166.1,34.19,27.03,33.31,39.66,Material Reuse
metal_engineering,raw_materials,3177486.5,269819.8,126268.5,0.3188,183218.2,1090176.9,97.15,52237.0,73.7,32187.2,39.78,16.04,17.6,66.36,Alternative Materials
metal_engineering,electricity,466422.0,1560189.4,152530.7,0.0891,162721.5,161730.6,50.1,20971.0,44.86,34139.1,53.41,17.54,59.03,23.43,Renewable Energy Substitution
food_processing,waste,383917.9,574209.2,92976.6,0.1394,112804.5,163796.2,82.05,97070.8,94.2,88390.2,37.01,22.95,15.56,61.49,Material Reuse
metal_engineering,raw_materials,1999273.1,595718.8,90643.5,0.1321,312375.1,636835.6,70.22,50525.2,88.9,38166.1,45.55,19.68,31.61,48.71,Recycled Materials
general,waste,481021.3,379028.2,108092.6,0.2219,250792.1,264725.5,60.23,112734.1,46.17,30155.4,33.41,23.78,29.73,46.49,Recycling Loops
chemical,waste,821882.4,685627.6,61970.7,0.0829,175197.7,333356.6,78.14,60684.3,40.03,32880.9,29.77,16.57,28.56,54.87,Recycling Loops
chemical,electricity,278642.8,1407292.2,118495.4,0.0777,54130.7,79230.9,79.04,29367.2,52.75,27523.3,65.34,25.79,56.94,17.27,Renewable Energy Substitution
textile,waste,933560.4,287165.4,52446.9,0.1544,319603.7,483093.0,75.3,164357.7,81.28,22335.2,33.43,27.74,29.25,43.01,Waste-to-Value
chemical,raw_materials,1403066.8,744939.7,112001.6,0.1307,453791.5,610095.6,81.76,35750.2,64.99,52077.1,38.56,20.58,31.4,48.02,Recycled Materials
general,raw_materials,900580.4,558781.0,86856.1,0.1345,466024.3,413260.0,88.57,51621.1,75.42,30796.4,43.46,19.88,20.59,59.53,Recycled Materials
food_processing,coal,337517.1,977309.4,98501.5,0.0916,595762.1,107967.1,60.72,14827.2,57.79,10409.6,48.43,63.67,21.21,15.12,Renewable Energy Substitution
chemical,raw_materials,1065450.3,375601.2,59462.9,0.1367,480577.9,364069.6,82.49,56862.3,74.69,42566.1,36.6,23.29,25.58,51.13,Recycled Materials
general,natural_gas,1396782.2,959142.1,179918.9,0.158,1281156.1,454672.5,83.46,25114.3,66.14,54032.2,51.0,39.22,35.08,25.7,Process Changes
chemical,transport,892575.1,169237.4,52308.4,0.2361,1680693.5,334040.2,73.59,13998.2,50.75,143637.1,40.21,49.49,15.47,35.04,Transportation Optimization
chemical,raw_materials,1470723.9,231009.0,89076.1,0.2783,239222.3,873686.9,95.17,59034.1,65.49,32918.3,55.49,14.06,21.58,64.36,Alternative Materials
metal_engineering,diesel,597399.0,412840.6,61205.7,0.1291,844582.4,354077.0,58.44,29824.6,54.66,258256.2,41.92,43.68,22.62,33.7,Transportation Optimization
metal_engineering,waste,662484.8,546488.5,60185.4,0.0992,205814.5,374493.9,67.17,64172.2,70.14,16746.5,40.91,17.59,30.17,52.24,Recycling Loops
chemical,waste,1741695.1,463276.4,42665.6,0.0843,138868.4,561381.0,66.69,215811.3,97.9,17298.6,41.83,27.03,31.83,41.14,Waste-to-Value
chemical,raw_materials,1043459.3,364838.9,71294.9,0.1635,197639.9,669919.0,97.71,48561.3,68.24,32374.9,56.12,24.33,27.32,48.35,Alternative Materials
chemical,raw_materials,1638809.6,892874.4,102784.6,0.1032,171665.6,829241.1,80.13,64031.9,89.51,21756.1,33.93,25.81,24.23,49.96,Recycled Materials
general,waste,566209.8,277135.8,35288.4,0.113,280629.3,242955.7,82.65,50441.5,78.04,62929.2,43.86,28.98,19.14,51.88,Material Reuse
food_processing,waste,637050.5,386935.9,81774.8,0.1745,379743.1,266694.3,62.76,235197.6,92.28,32693.4,49.23,21.43,31.38,47.19,Waste-to-Value
food_processing,waste,857759.3,524060.0,68036.4,0.1149,407215.4,250015.8,66.44,202841.8,77.18,24622.9,39.68,24.34,22.37,53.29,Waste-to-Value
chemical,waste,1187384.1,485464.1,89894.2,0.1562,88040.5,453308.5,78.65,44533.3,80.69,44651.6,39.01,26.38,17.12,56.5,Material Reuse
textile,waste,544908.2,302517.0,35233.1,0.1043,250986.0,150140.5,83.54,40943.7,74.79,58174.2,34.7,20.32,21.41,58.27,Material Reuse
chemical,coal,405073.7,1582948.1,129464.4,0.0756,628467.0,85726.3,64.15,24845.2,73.8,43972.8,63.83,51.31,34.28,14.41,Renewable Energy Substitution
textile,coal,1022159.7,463810.7,90288.0,0.1629,1211257.0,290287.4,66.83,45983.0,73.01,21399.3,46.92,47.67,42.69,9.64,Process Changes
chemical,transport,489208.8,319172.7,38352.1,0.1073,990621.6,180269.1,66.34,30124.5,49.32,133721.6,44.36,36.73,20.52,42.75,Transportation Optimization
textile,waste,930602.7,454119.0,35843.3,0.0732,334586.2,387674.9,65.73,60861.1,71.55,35847.9,38.18,24.24,32.11,43.65,Recycling Loops
chemical,raw_materials,1806560.1,382768.3,32697.4,0.0787,289481.6,696137.2,86.71,39807.1,51.03,56372.8,43.69,19.94,19.68,60.38,Alternative Materials
general,coal,556842.9,876402.1,138706.4,0.1366,989851.6,174146.3,79.94,21574.9,66.02,20916.9,48.97,38.15,35.29,26.56,Process Changes
food_processing,electricity,635044.1,509682.6,110771.4,0.1785,660478.2,371215.1,76.22,37558.8,59.96,55026.1,32.39,50.83,28.42,20.75,Process Changes
metal_engineering,waste,1489016.1,215918.9,67814.6,0.239,310908.8,461791.3,75.33,69447.8,71.92,75245.9,41.43,18.67,23.43,57.9,Material Reuse
chemical,raw_materials,669812.7,667677.5,170772.3,0.2037,364711.1,299922.0,77.8,55286.5,72.1,49177.5,48.29,24.18,25.6,50.22,Recycled Materials
chemical,raw_materials,1221773.5,433206.4,55275.4,0.1132,340058.1,621078.0,88.93,41707.8,54.23,52087.9,39.64,24.8,26.58,48.62,Alternative Materials
metal_engineering,raw_materials,1895742.1,564651.3,58389.2,0.0937,97810.3,886475.8,95.34,32625.1,69.34,35805.2,53.69,12.99,28.35,58.66,Alternative Materials
chemical,natural_gas,529800.2,1486876.8,261039.6,0.1493,327781.3,116445.9,67.9,26071.7,47.43,30143.1,33.75,22.45,40.92,36.63,Energy Optimization
metal_engineering,raw_materials,1034420.0,261936.6,48495.5,0.1562,259103.9,346040.6,73.89,66518.7,84.05,35351.9,26.57,28.22,16.56,55.22,Material Reuse
metal_engineering,raw_materials,626120.4,894796.7,111672.3,0.111,485107.3,299143.3,78.04,37396.0,65.87,24928.1,44.45,26.72,28.67,44.61,Recycled Materials
textile,raw_materials,3019825.6,334157.5,145218.9,0.3029,54254.1,1172890.9,85.6,55645.7,65.83,59718.6,39.62,18.31,29.54,52.15,Alternative Materials
chemical,waste,947905.3,233906.5,84610.1,0.2656,281442.0,470298.6,84.65,86238.2,71.31,81970.9,41.91,26.99,25.17,47.84,Material Reuse
metal_engineering,raw_materials,1183257.7,613506.1,38195.2,0.0586,489231.3,396981.5,76.69,41716.8,66.91,20051.6,46.59,29.5,23.36,47.14,Recycled Materials
chemical,waste,497209.2,400478.9,96147.2,0.1936,377956.9,301233.8,83.98,155456.5,96.09,36203.0,48.06,16.28,23.3,60.42,Waste-to-Value
general,natural_gas,1591795.5,844007.3,66518.1,0.0731,557403.5,525689.7,64.67,28928.0,59.17,39664.5,30.41,37.96,32.56,29.48,Process Changes
general,electricity,412710.1,859172.7,189008.6,0.1803,1169120.0,133277.9,74.43,41429.1,50.52,32534.9,33.95,35.44,47.45,17.11,Energy Optimization
metal_engineering,diesel,744287.5,497747.7,56877.7,0.1026,1280993.0,254583.9,50.71,33491.0,59.32,111074.1,32.54,36.27,19.14,44.59,Transportation Optimization
textile,raw_materials,861979.7,686667.4,54486.4,0.0735,163584.1,430356.0,67.99,55085.9,49.2,15893.7,41.5,22.38,26.41,51.21,Recycling Loops
chemical,natural_gas,831803.5,819422.1,101046.0,0.1098,936798.0,241480.9,65.71,25418.5,56.72,15762.6,41.42,26.34,52.08,21.58,Energy Optimization
metal_engineering,coal,535854.8,1619594.8,75373.6,0.0445,739365.8,227710.3,84.68,27057.5,67.11,40066.3,59.63,45.88,18.15,35.97,Renewable Energy Substitution
general,diesel,304309.6,308774.4,56108.3,0.1538,1247029.0,145185.6,63.84,23620.9,68.52,174304.0,57.48,48.56,13.64,37.8,Transportation Optimization
metal_engineering,waste,396022.9,438689.2,46976.2,0.0967,128752.6,192661.2,76.72,78894.6,78.98,63521.5,32.27,24.62,33.03,42.35,Material Reuse
food_processing,natural_gas,911788.9,1028501.4,171286.6,0.1428,1464687.7,233467.0,72.4,35648.3,57.0,34432.3,48.18,44.04,35.47,20.49,Process Changes
general,raw_materials,2797840.6,398643.3,47487.5,0.1064,318678.3,836568.5,77.57,65315.0,79.76,52604.4,48.42,23.5,29.86,46.64,Recycled Materials
general,raw_materials,1150522.6,339003.9,50829.7,0.1304,326823.4,578647.9,75.44,97998.1,40.99,35713.3,43.34,18.89,35.63,45.48,Recycling Loops
food_processing,natural_gas,497604.4,965239.3,265698.3,0.2159,963323.3,225694.5,70.94,45857.7,56.22,17138.6,42.36,33.48,51.99,14.53,Energy Optimization
general,raw_materials,513732.5,646084.8,47881.6,0.069,114584.4,284283.6,88.35,31488.5,61.35,35326.5,48.88,18.94,26.33,54.73,Recycled Materials
metal_engineering,waste,578561.5,329802.7,95609.8,0.2247,134800.2,311304.1,80.44,47163.8,82.16,79312.3,42.34,24.39,28.38,47.23,Material Reuse
metal_engineering,diesel,516253.1,328773.6,30023.6,0.0837,1083491.5,211955.0,79.62,31339.1,51.64,300200.8,40.91,51.09,24.21,24.7,Transportation Optimization
food_processing,waste,977237.3,349377.8,50682.8,0.1267,300986.1,377775.9,79.13,60060.7,90.45,37301.8,42.42,22.69,22.97,54.34,Material Reuse
food_processing,electricity,449211.8,420785.8,52920.9,0.1117,1189539.0,179447.3,64.74,35203.4,47.34,27668.0,50.05,35.39,38.07,26.54,Process Changes
chemical,waste,802666.8,484042.0,118703.8,0.1969,248857.9,502036.1,61.36,220019.9,89.91,27120.6,30.4,23.88,20.19,55.93,Waste-to-Value
chemical,raw_materials,1276975.0,538803.2,75437.4,0.1228,126277.9,398353.0,75.43,51624.2,82.42,36583.3,33.16,28.37,32.98,38.65,Recycled Materials
chemical,electricity,1278321.1,613240.1,81731.1,0.1176,1213948.9,503124.7,64.6,57816.3,48.65,28599.7,30.82,37.82,43.35,18.83,Process Changes
metal_engineering,coal,1486826.3,1146893.2,106727.3,0.0851,1270805.1,492249.8,71.68,57573.8,50.33,26366.7,44.46,49.79,40.71,9.5,Process Changes
metal_engineering,natural_gas,789463.4,479161.8,132396.3,0.2165,778119.8,306792.4,76.15,39641.9,52.52,33377.8,37.51,51.53,38.96,9.51,Process Changes
chemical,raw_materials,2994184.9,503533.2,99489.1,0.165,56338.6,1084911.5,98.05,42605.3,70.9,56900.0,53.56,12.29,23.64,64.07,Alternative Materials
metal_engineering,raw_materials,594558.6,371924.8,96808.3,0.2065,60675.1,333613.4,96.52,34407.6,53.81,40889.7,54.94,13.24,24.34,62.42,Alternative Materials
general,raw_materials,2074648.3,688382.2,99978.5,0.1268,157188.8,861506.3,92.38,37043.3,53.92,55464.2,47.9,12.92,20.52,66.56,Alternative Materials
chemical,raw_materials,597920.9,552654.1,61215.4,0.0997,282395.8,346750.7,77.71,43605.6,73.15,66772.0,30.38,15.32,29.46,55.22,Material Reuse
general,waste,1409767.6,558309.8,116122.8,0.1722,318801.6,472075.7,77.16,41652.0,50.91,30945.6,26.21,15.49,37.78,46.73,Recycling Loops
textile,electricity,665595.3,729319.0,101892.7,0.1226,1004195.5,235736.2,63.65,19068.6,65.96,42180.9,33.56,33.16,37.48,29.36,Energy Optimization
metal_engineering,raw_materials,3222758.8,618452.2,58655.4,0.0866,373538.7,1173952.4,98.22,38968.6,75.86,53782.0,45.02,22.43,15.56,62.01,Alternative Materials
food_processing,coal,722732.6,1310147.5,55781.1,0.0408,1369442.8,196688.3,52.21,27800.3,73.35,19173.3,65.45,64.0,20.38,15.62,Renewable Energy Substitution
chemical,coal,399943.1,1444372.9,64771.0,0.0429,1304803.7,140670.7,81.14,30890.8,71.45,34819.8,67.19,57.71,34.27,8.02,Renewable Energy Substitution
metal_engineering,transport,952688.0,481721.6,61869.2,0.1138,698857.5,301191.3,69.41,15469.7,62.75,110024.9,44.73,35.25,24.53,40.22,Transportation Optimization
food_processing,diesel,532860.3,206379.5,21738.5,0.0953,603274.5,194200.1,54.42,15499.6,40.34,142254.9,40.65,35.79,19.12,45.09,Transportation Optimization
food_processing,electricity,486246.1,2499768.6,193235.5,0.0718,223566.2,148290.8,62.41,34388.6,57.32,44814.2,52.8,11.7,65.48,22.82,Renewable Energy Substitution
textile,natural_gas,954003.5,550547.3,61797.2,0.1009,874247.8,277253.0,83.91,55508.3,66.72,27438.5,50.01,51.56,28.27,20.17,Process Changes
general,raw_materials,1719970.5,652800.3,82965.4,0.1128,419913.3,610546.6,88.17,59730.2,83.53,40949.7,40.28,29.37,28.12,42.51,Recycled Materials
metal_engineering,electricity,926770.8,1763927.3,190950.0,0.0977,222088.3,244205.8,67.85,29161.3,60.17,26949.1,63.69,26.07,68.93,5.0,Renewable Energy Substitution
food_processing,diesel,1011149.5,310324.1,43602.7,0.1232,810168.8,390523.2,56.39,14773.4,59.82,145854.2,56.41,35.27,10.09,54.64,Transportation Optimization
chemical,waste,865768.1,425609.8,54818.5,0.1141,339473.4,307771.6,70.49,95753.2,75.19,44101.7,40.79,29.54,22.1,48.36,Waste-to-Value
textile,waste,579959.7,637413.9,57046.3,0.0821,321587.4,225106.6,75.22,89004.1,94.1,25663.5,37.04,27.61,20.75,51.64,Waste-to-Value
food_processing,coal,1501958.5,852308.1,44411.4,0.0495,1417895.0,451007.5,71.51,39314.5,71.92,31538.3,35.48,51.24,39.24,9.52,Process Changes
general,natural_gas,722955.7,939192.2,278657.5,0.2288,1131128.4,211846.1,63.74,42376.8,68.9,35308.1,39.59,26.75,42.63,30.62,Energy Optimization
chemical,electricity,479872.5,1378749.7,14390.6,0.0103,167412.2,200415.9,62.61,17063.4,72.6,38754.4,57.87,13.42,49.35,37.23,Renewable Energy Substitution
food_processing,raw_materials,472029.0,280135.9,36880.5,0.1163,256487.9,226903.0,75.09,93650.1,89.6,62195.7,40.84,27.58,28.1,44.32,Material Reuse
chemical,raw_materials,1298913.2,398020.1,57668.9,0.1266,180917.6,501359.6,71.13,46878.6,75.35,36915.3,39.66,27.59,22.18,50.23,Recycled Materials
chemical,raw_materials,1655587.1,455128.1,22921.0,0.0479,144037.1,787470.8,93.87,30315.5,54.18,53397.2,59.66,17.89,17.58,64.53,Alternative Materials
metal_engineering,raw_materials,1422398.6,772919.2,115926.6,0.1304,244023.9,850548.7,90.87,29909.2,60.68,50313.8,38.32,11.74,15.69,72.57,Alternative Materials
general,electricity,563666.6,1228709.2,356697.8,0.225,993695.4,225957.8,64.32,29148.3,64.4,48369.9,29.34,30.71,41.25,28.04,Energy Optimization
metal_engineering,waste,1127471.7,513169.4,55412.4,0.0975,195580.0,422268.3,73.79,68234.6,79.4,57040.4,35.52,27.13,22.24,50.63,Material Reuse
general,diesel,671749.2,348233.6,66986.1,0.1613,1776891.3,311670.5,67.2,10937.1,51.23,220051.8,52.73,45.95,24.4,29.65,Transportation Optimization
metal_engineering,raw_materials,1732607.4,413658.0,148247.0,0.2638,262021.2,513504.1,86.42,26114.4,57.38,26427.3,42.1,14.28,17.6,68.12,Alternative Materials
chemical,raw_materials,1130169.2,486530.1,73550.8,0.1313,193097.6,374797.4,65.88,81609.8,89.45,65021.5,32.15,19.16,27.86,52.98,Material Reuse
chemical,raw_materials,2062184.1,449801.4,69487.1,0.1338,100261.4,815934.9,87.44,59503.1,82.51,25321.7,41.17,20.27,21.41,58.32,Recycled Materials
general,waste,961414.5,827080.2,40747.8,0.047,84799.5,272495.0,84.9,56200.0,57.59,36210.4,26.45,24.07,29.16,46.77,Recycling Loops
general,raw_materials,864157.9,439711.0,84598.2,0.1614,82806.8,289052.0,72.75,77711.2,91.53,39700.3,26.45,27.75,19.26,52.99,Material Reuse
textile,raw_materials,2212320.4,386589.4,62273.8,0.1387,305362.2,873801.7,97.42,38888.6,53.59,48529.8,54.74,18.42,26.56,55.02,Alternative Materials
general,raw_materials,618728.5,814993.9,32037.7,0.0378,220088.7,209732.1,72.09,85094.3,51.26,18304.0,34.28,25.08,36.74,38.18,Recycling Loops
food_processing,waste,1430662.4,723958.5,93099.5,0.1139,408513.4,519349.5,69.69,140894.7,76.73,15943.7,47.39,21.58,28.28,50.14,Waste-to-Value
chemical,raw_materials,2479162.7,348737.8,178887.3,0.339,162480.6,892473.6,91.5,68660.0,79.78,40223.2,49.32,19.34,27.02,53.64,Recycled Materials
textile,raw_materials,2399043.4,410352.5,96689.3,0.1907,187285.4,693727.4,97.66,33930.2,65.42,51346.1,46.72,19.33,27.94,52.73,Alternative Materials
chemical,electricity,280815.9,1712541.1,143880.1,0.0775,299205.4,56728.8,52.28,12338.5,66.0,14772.4,57.43,18.12,58.72,23.16,Renewable Energy Substitution
metal_engineering,raw_materials,666154.8,667910.6,25150.4,0.0363,218177.4,394437.2,88.39,59466.5,54.27,39955.5,51.6,20.54,23.39,56.07,Alternative Materials
metal_engineering,raw_materials,2306437.0,716053.3,135091.7,0.1587,401388.8,817358.6,81.0,65163.7,78.58,26532.4,32.51,19.27,26.65,54.08,Recycled Materials
textile,waste,2253460.9,692235.7,33110.0,0.0456,255533.8,624711.1,75.4,115542.6,84.68,36200.8,54.33,28.4,25.14,46.46,Waste-to-Value
metal_engineering,raw_materials,1141320.9,432511.7,35839.5,0.0765,114407.5,363894.2,89.07,40536.3,88.51,40356.8,40.73,23.7,27.75,48.55,Recycled Materials
textile,raw_materials,1599019.9,513546.0,58943.5,0.103,76901.7,750561.8,96.12,48283.5,51.51,22916.1,46.86,14.43,18.49,67.08,Alternative Materials
general,coal,842064.9,1606738.7,157045.1,0.089,1728927.6,209662.6,53.54,33990.4,44.21,14365.3,66.54,61.39,26.05,12.56,Renewable Energy Substitution
chemical,natural_gas,437788.1,689182.7,89120.0,0.1145,721979.5,178213.7,79.32,31235.6,63.27,47510.9,40.37,52.53,33.88,13.59,Process Changes
metal_engineering,waste,694182.0,558189.2,109235.5,0.1637,249419.4,377970.1,68.06,94935.4,72.87,31793.6,27.64,21.91,38.36,39.73,Recycling Loops
general,coal,564882.4,2368493.2,94881.3,0.0385,991679.1,130131.0,74.71,26974.3,72.39,10890.4,59.83,51.61,18.6,29.79,Renewable Energy Substitution
food_processing,coal,315473.1,1890410.8,147930.9,0.0726,1790525.5,78053.6,65.05,12916.7,53.64,10528.8,65.15,55.54,32.0,12.46,Renewable Energy Substitution
textile,coal,913740.9,1730451.8,88346.3,0.0486,1616120.7,243164.9,58.02,14309.4,71.95,33413.4,52.26,56.47,29.91,13.62,Renewable Energy Substitution
metal_engineering,raw_materials,546173.0,302266.5,49165.3,0.1399,303104.2,218230.0,84.02,77199.2,89.05,77816.4,29.15,23.53,32.35,44.12,Material Reuse
metal_engineering,raw_materials,1096963.8,812271.0,66296.6,0.0755,484250.8,378001.7,90.93,79715.1,81.35,54340.0,43.39,18.89,26.55,54.56,Recycled Materials
textile,waste,387822.4,573471.6,63390.9,0.0995,208236.9,199394.1,65.02,95760.5,72.19,73031.0,43.29,18.13,28.31,53.56,Material Reuse
general,electricity,473153.8,1325436.9,281853.2,0.1754,649004.8,132751.5,67.45,18886.6,69.28,35087.1,30.17,27.06,45.94,27.0,Energy Optimization
food_processing,waste,997912.8,399275.7,46362.4,0.104,182180.9,449932.5,80.74,101183.1,75.09,87401.7,26.2,28.33,21.58,50.09,Material Reuse
food_processing,transport,879745.5,349822.8,69850.4,0.1664,1704826.1,245747.0,69.19,10074.5,47.6,154103.8,34.43,41.99,14.82,43.19,Transportation Optimization
food_processing,waste,1018373.0,445268.1,89504.1,0.1674,248570.5,301917.1,83.85,102918.7,72.99,66916.0,30.69,15.71,28.37,55.92,Material Reuse
textile,coal,397181.9,793193.0,145798.4,0.1553,1543069.0,196322.0,68.37,34379.7,49.54,52412.1,46.72,44.69,35.76,19.55,Process Changes
chemical,waste,770981.7,726828.2,99444.2,0.1204,330973.5,458824.0,64.18,245906.8,83.63,18207.8,42.34,28.11,33.31,38.58,Waste-to-Value
general,electricity,607124.0,556155.1,51494.4,0.0847,528632.5,244816.6,79.35,30801.7,66.87,30076.3,38.7,54.66,29.9,15.44,Process Changes
chemical,raw_materials,3102214.8,763004.3,43560.3,0.054,73273.7,967008.6,93.04,53673.2,54.19,51810.7,42.44,12.45,17.46,70.09,Alternative Materials
food_processing,coal,595945.6,597974.2,120070.9,0.1672,783336.7,283382.8,71.04,43813.6,58.48,39727.8,36.57,38.18,25.95,35.87,Process Changes
textile,raw_materials,2693086.8,796944.7,42606.4,0.0507,188684.7,982414.6,94.74,26155.8,74.47,28977.6,42.92,18.05,23.89,58.06,Alternative Materials
general,raw_materials,852547.7,309604.7,45187.3,0.1274,85041.2,245605.9,69.82,69149.7,92.71,41268.8,39.41,25.31,16.92,57.77,Material Reuse
chemical,raw_materials,1212242.6,777744.9,70791.9,0.0834,376943.6,421640.3,90.66,60000.6,69.74,29432.9,35.82,25.42,23.28,51.3,Recycled Materials
general,natural_gas,901282.6,428441.5,179607.2,0.2954,1459900.4,268937.5,66.44,37164.8,55.69,34893.5,37.0,47.42,28.29,24.29,Process Changes
general,raw_materials,2261707.9,797191.7,147520.4,0.1562,210827.7,861572.1,72.74,73132.3,89.13,26200.4,46.44,15.6,26.08,58.32,Recycled Materials
metal_engineering,natural_gas,777935.8,699881.8,149992.1,0.1765,1417681.1,271673.0,71.73,59321.9,46.58,55565.8,34.82,48.57,36.65,14.78,Process Changes
general,coal,887406.6,451499.9,44949.2,0.0905,960893.1,475918.5,82.2,31016.5,62.23,50734.6,36.35,43.18,35.48,21.34,Process Changes
chemical,raw_materials,658969.7,803512.3,43817.4,0.0517,213903.0,355052.9,72.45,81186.9,58.16,18498.0,37.29,18.64,27.76,53.6,Recycling Loops
metal_engineering,electricity,460952.9,1171329.8,252832.6,0.1775,1047948.1,101756.0,62.89,25726.0,64.15,25701.6,34.94,26.03,36.6,37.37,Energy Optimization
chemical,raw_materials,1496072.5,348261.9,40740.8,0.1047,355124.2,497292.6,98.66,33475.8,55.46,51587.9,52.49,17.47,23.33,59.2,Alternative Materials
chemical,raw_materials,1676367.4,610838.7,41140.2,0.0631,368824.5,1040283.5,98.3,49028.8,68.4,36729.7,58.52,22.99,15.68,61.33,Alternative Materials
textile,raw_materials,1833807.6,511449.1,82293.6,0.1386,58974.7,607123.0,90.32,35952.9,67.41,41344.1,51.37,21.47,27.19,51.34,Alternative Materials
chemical,raw_materials,2718104.4,234588.5,64518.2,0.2157,144586.7,1169775.6,92.81,33891.1,67.41,25567.9,47.77,19.39,22.33,58.28,Alternative Materials
general,raw_materials,2386598.4,570952.9,67958.8,0.1064,211887.2,972723.8,85.51,30097.5,71.4,55808.3,49.26,17.98,16.61,65.41,Alternative Materials
general,waste,648217.9,275399.9,84397.3,0.2346,340198.4,244009.6,76.38,41458.7,83.98,65167.0,27.89,21.63,21.68,56.69,Material Reuse
textile,raw_materials,1375500.7,554765.3,71870.4,0.1147,69166.6,601677.5,96.24,20185.3,60.0,35926.7,49.82,23.8,20.2,56.0,Alternative Materials
chemical,electricity,553910.0,1266212.0,95483.7,0.0701,240406.7,150277.6,80.87,11207.2,72.28,16870.8,64.76,20.02,69.98,10.0,Renewable Energy Substitution
metal_engineering,natural_gas,780235.3,638841.6,204623.0,0.2426,974659.0,246658.1,73.05,32746.5,48.75,26539.3,30.33,34.5,38.2,27.3,Energy Optimization
textile,raw_materials,2113891.8,476215.0,132393.3,0.2175,241326.9,642360.5,98.68,24428.8,62.68,21681.0,54.28,23.77,19.2,57.03,Alternative Materials
general,raw_materials,3545896.4,253474.7,118185.2,0.318,94699.7,1043460.9,95.95,48349.8,51.08,32125.1,43.79,15.4,16.31,68.29,Alternative Materials
food_processing,waste,686649.4,608063.8,57721.6,0.0867,375328.4,369468.1,80.48,84832.7,78.99,25226.3,40.21,20.23,31.45,48.32,Waste-to-Value
textile,waste,1539333.1,703348.8,100124.9,0.1246,286488.9,572027.4,62.67,85427.9,64.4,29670.5,44.32,16.08,35.36,48.56,Recycling Loops
textile,raw_materials,1843064.5,792671.3,37737.2,0.0454,293300.6,663886.9,90.99,48703.9,70.77,59650.2,40.82,11.56,25.87,62.57,Alternative Materials
general,raw_materials,2219081.5,249679.2,98409.8,0.2827,135872.2,650366.1,89.04,34226.9,71.57,31884.9,50.46,17.14,24.96,57.9,Alternative Materials
general,diesel,902705.4,311311.5,18018.2,0.0547,953100.5,276063.9,59.29,27134.9,64.66,186701.0,55.4,37.0,22.6,40.4,Transportation Optimization
metal_engineering,natural_gas,529498.2,896851.5,311811.8,0.258,1093701.9,244909.0,70.75,31172.1,49.62,25700.8,41.16,29.07,52.65,18.28,Energy Optimization
metal_engineering,raw_materials,333918.1,364326.6,37416.0,0.0931,339806.4,195722.0,73.55,36937.9,75.54,81828.3,29.02,16.2,24.49,59.31,Material Reuse
general,electricity,355394.9,2035263.2,237437.8,0.1045,199767.9,98342.7,61.47,19595.1,51.43,33553.7,54.86,19.64,49.47,30.89,Renewable Energy Substitution
textile,waste,673700.9,362520.2,70295.5,0.1624,146403.8,397538.2,64.43,129089.3,83.59,44795.1,54.87,16.72,30.89,52.39,Waste-to-Value
metal_engineering,raw_materials,1366664.8,311660.9,124343.6,0.2852,210365.4,734672.0,86.87,23224.1,71.84,39858.4,47.61,20.94,26.48,52.58,Alternative Materials
metal_engineering,raw_materials,2290454.3,803398.4,31712.7,0.038,381479.9,880667.1,79.63,37923.5,81.15,48599.5,42.93,29.51,20.78,49.71,Recycled Materials
food_processing,raw_materials,875293.2,315004.5,63057.6,0.1668,209997.1,291975.8,68.89,108309.2,91.33,64900.0,37.06,18.41,25.88,55.71,Material Reuse
general,natural_gas,682473.5,702769.2,121721.9,0.1476,924206.2,283442.7,63.57,17882.1,67.04,47034.7,32.7,27.55,48.2,24.25,Energy Optimization
general,raw_materials,1222521.2,780757.1,69497.8,0.0817,94555.7,580531.8,82.78,113856.5,44.48,39947.9,31.69,25.86,38.62,35.52,Recycling Loops
food_processing,electricity,480413.6,447983.4,103193.6,0.1872,1351467.9,210464.8,75.29,30775.9,71.02,33084.0,37.24,46.96,28.67,24.37,Process Changes
general,raw_materials,1981963.5,296455.9,126335.7,0.2988,341247.0,756721.0,85.09,31481.5,68.51,59247.4,51.9,13.9,24.51,61.59,Alternative Materials
chemical,transport,301254.1,250358.9,45996.0,0.1552,1647445.8,112731.9,79.34,34832.7,57.93,166255.2,37.8,41.91,10.75,47.34,Transportation Optimization
textile,raw_materials,897941.4,310473.9,110570.0,0.2626,378596.2,495738.9,70.98,44039.3,72.2,26757.4,26.64,25.35,32.23,42.42,Recycling Loops
chemical,coal,521096.9,413490.3,52741.6,0.1131,601288.5,245897.7,62.5,51136.0,45.87,44709.6,33.1,50.11,40.59,9.3,Process Changes
metal_engineering,raw_materials,1268389.9,451836.4,103008.4,0.1857,189158.0,546793.7,98.78,36373.4,76.82,29198.2,42.69,10.47,24.78,64.75,Alternative Materials
metal_engineering,raw_materials,716329.1,821720.2,57098.6,0.065,479074.5,392201.6,77.18,66590.6,71.81,41287.4,40.89,26.14,23.42,50.44,Recycled Materials
textile,raw_materials,1814166.7,259664.8,51612.4,0.1658,302793.4,1070126.8,96.62,35887.3,70.04,28199.4,44.45,23.45,15.2,61.35,Alternative Materials
metal_engineering,transport,503886.7,404052.6,76872.4,0.1598,1485775.5,307962.9,57.85,33119.2,45.39,298126.2,40.13,38.25,22.4,39.35,Transportation Optimization
textile,natural_gas,969758.5,937590.3,175609.2,0.1578,780271.6,344313.6,72.53,30763.0,62.7,37731.4,39.83,42.25,25.34,32.41,Process Changes
textile,waste,1708072.2,585207.8,113470.3,0.1624,239257.5,676508.1,77.57,67981.1,95.86,29534.2,41.51,23.5,22.24,54.26,Waste-to-Value
chemical,electricity,428024.5,1455880.9,35980.4,0.0241,155919.1,182778.0,52.48,20002.5,40.62,36232.3,57.94,11.57,73.94,14.49,Renewable Energy Substitution
chemical,coal,433299.6,1063275.3,95956.0,0.0828,1564066.9,107854.3,52.17,35742.3,50.98,16850.0,54.45,63.2,15.87,20.93,Renewable Energy Substitution
food_processing,coal,421030.4,1625028.5,113318.1,0.0652,744404.7,94129.2,58.23,22922.3,72.49,28262.5,45.38,50.32,22.68,27.0,Renewable Energy Substitution
metal_engineering,waste,741878.0,703656.2,75215.2,0.0966,193642.2,383223.9,70.23,88976.2,59.02,27428.8,28.97,22.44,27.54,50.02,Recycling Loops
textile,waste,1338333.5,564372.6,84818.9,0.1307,445419.8,399021.6,68.3,178640.7,93.99,43103.2,50.08,21.4,29.52,49.08,Waste-to-Value
chemical,raw_materials,2362573.8,801865.3,112336.4,0.1229,175678.3,718249.6,81.24,58237.2,73.83,49004.8,48.59,25.64,21.58,52.78,Recycled Materials
chemical,raw_materials,1199556.4,855716.4,64301.5,0.0699,353745.5,394349.3,77.08,71642.3,81.87,23339.0,40.57,15.44,27.21,57.35,Recycled Materials
metal_engineering,electricity,1021318.4,1368833.5,434157.7,0.2408,357351.0,266111.6,72.15,28315.6,46.41,38718.6,33.58,29.36,48.63,22.01,Energy Optimization
metal_engineering,raw_materials,1348400.3,706164.5,155686.3,0.1806,443505.7,736431.3,79.66,58580.1,64.81,43577.6,35.59,25.41,23.44,51.15,Recycled Materials
chemical,coal,1604400.2,1006939.1,44636.9,0.0424,544269.2,451294.6,70.63,64799.7,47.92,54225.1,40.56,50.1,40.18,9.72,Process Changes
chemical,raw_materials,3517717.8,598282.7,81702.0,0.1202,345459.7,1025103.1,93.19,54730.9,56.18,24476.8,43.93,10.86,22.97,66.17,Alternative Materials
textile,coal,465751.7,778924.6,21906.9,0.0274,1094819.0,139955.6,82.25,26800.1,41.58,24275.2,51.66,64.31,26.98,8.71,Renewable Energy Substitution
metal_engineering,waste,1302683.4,635240.7,94371.4,0.1293,198316.1,418725.9,67.84,52766.0,47.48,17637.8,41.03,24.91,39.26,35.83,Recycling Loops
chemical,raw_materials,2570092.2,731072.4,159396.1,0.179,171702.2,770002.3,82.16,46810.5,63.95,50285.4,35.15,19.65,24.35,56.0,Recycled Materials
textile,electricity,298446.5,871193.0,92033.2,0.0955,432879.1,85794.5,79.8,24760.5,68.09,49856.0,38.2,20.66,36.63,42.71,Energy Optimization
food_processing,transport,403324.1,184918.8,68119.7,0.2692,703988.9,187688.4,51.37,29534.7,41.18,160909.3,46.91,45.24,14.23,40.53,Transportation Optimization
textile,raw_materials,2046007.4,423613.1,53768.0,0.1126,303197.0,746288.2,86.13,28807.3,70.5,23045.2,56.73,17.43,22.21,60.36,Alternative Materials
metal_engineering,raw_materials,1561359.7,715047.7,75769.2,0.0958,312804.9,979088.6,86.44,56102.1,65.16,53058.3,45.04,23.43,20.84,55.73,Alternative Materials
general,natural_gas,1045927.8,855235.5,118441.8,0.1216,921650.6,291241.5,72.82,36597.7,58.84,18096.0,40.4,32.04,48.23,19.73,Energy Optimization
general,electricity,398636.1,1567760.8,138948.3,0.0814,290302.0,73309.3,74.83,16910.3,54.51,11150.2,43.81,17.99,55.26,26.75,Renewable Energy Substitution
metal_engineering,raw_materials,844545.2,430595.6,47365.6,0.0991,292993.6,233401.4,70.16,72837.7,76.52,35545.2,37.97,22.67,23.91,53.42,Material Reuse
textile,raw_materials,856023.2,521589.5,129796.7,0.1993,316900.2,444278.6,73.24,71299.3,58.22,31384.6,35.2,25.71,37.92,36.37,Recycling Loops
chemical,transport,585363.5,312932.0,71225.0,0.1854,1534295.3,218040.0,75.37,11173.9,63.46,137556.1,39.44,47.33,16.75,35.92,Transportation Optimization
chemical,electricity,568235.0,544309.8,98056.6,0.1526,814688.1,238723.3,71.01,42514.6,52.07,21436.9,28.92,31.47,48.77,19.76,Energy Optimization
textile,raw_materials,2927767.8,424724.1,143592.9,0.2527,306197.9,838792.6,87.18,26239.8,51.74,54647.0,51.22,20.62,15.31,64.07,Alternative Materials
metal_engineering,electricity,494385.8,802048.9,223361.7,0.2178,850842.4,173979.9,64.78,27915.5,59.8,27276.4,31.65,22.33,52.6,25.07,Energy Optimization
textile,waste,1455259.3,344881.8,113017.6,0.2468,111275.4,431267.5,67.84,186364.7,94.31,25811.3,40.67,29.73,31.76,38.51,Waste-to-Value
food_processing,waste,900193.1,735609.4,94088.0,0.1134,222378.7,246422.5,72.92,100555.1,87.34,40060.9,45.39,24.51,28.12,47.37,Waste-to-Value
textile,natural_gas,491930.2,840394.0,76094.0,0.083,1086962.6,203718.8,83.32,60253.5,50.7,33737.8,43.5,36.91,32.09,31.0,Process Changes
metal_engineering,raw_materials,1227337.8,636913.3,84413.9,0.117,290940.8,691344.6,88.45,52764.1,73.98,47787.9,43.99,18.85,20.41,60.74,Alternative Materials
chemical,electricity,1128183.8,1093132.1,33271.0,0.0295,1247509.5,369187.1,64.24,56786.4,56.07,31752.1,48.22,47.42,42.65,9.93,Process Changes
general,waste,1000163.2,835558.4,102969.9,0.1097,210636.0,326208.5,78.28,61796.5,46.01,28245.8,32.38,24.43,26.77,48.8,Recycling Loops
metal_engineering,diesel,747826.7,487972.5,28153.6,0.0545,1445567.8,352581.6,66.2,18083.1,54.36,207821.8,42.42,55.79,20.27,23.94,Transportation Optimization
textile,waste,1577668.2,394702.6,87930.8,0.1822,314592.7,465501.6,77.07,181104.3,95.27,32580.5,49.47,18.73,30.17,51.1,Waste-to-Value
general,waste,1478352.7,484104.4,106503.7,0.1803,303563.4,516771.2,72.31,122339.8,57.12,26256.6,30.39,19.61,25.64,54.75,Recycling Loops
food_processing,diesel,1296064.7,303475.4,33630.0,0.0998,714484.1,367551.5,50.34,10041.3,64.8,319266.5,50.9,35.38,13.4,51.22,Transportation Optimization
food_processing,electricity,613896.9,1109713.6,37386.7,0.0326,650023.9,182961.8,81.08,20477.3,70.85,38050.7,30.09,43.03,28.74,28.23,Process Changes
metal_engineering,coal,360722.8,1845932.4,31243.5,0.0166,1474494.7,88269.0,64.42,15108.9,40.77,17416.0,55.02,54.63,25.03,20.34,Renewable Energy Substitution
food_processing,natural_gas,525593.9,1051530.7,289296.4,0.2158,666068.1,200497.5,78.85,20824.7,52.31,20322.1,41.47,21.24,36.63,42.13,Energy Optimization
general,raw_materials,1706896.1,758109.5,46302.4,0.0576,492503.0,498050.7,87.06,43842.5,78.83,26720.6,34.92,28.27,32.83,38.9,Recycled Materials
general,coal,324376.9,768875.5,80494.5,0.0948,1628304.1,96396.8,84.47,25068.4,73.29,27676.0,53.21,53.98,21.7,24.32,Renewable Energy Substitution
food_processing,coal,1110172.8,770663.1,129025.9,0.1434,1374089.5,450522.9,83.56,37921.5,51.19,42036.5,32.44,40.78,29.16,30.06,Process Changes
food_processing,electricity,907371.1,1056695.7,171151.8,0.1394,519101.1,297959.5,75.14,44292.9,59.3,45485.5,38.97,38.92,40.63,20.45,Energy Optimization
textile,raw_materials,2028906.9,752508.7,100164.5,0.1175,328788.1,733370.1,86.64,25007.4,70.57,37212.2,42.41,17.37,15.96,66.67,Alternative Materials
chemical,raw_materials,1286269.2,438498.1,137913.2,0.2393,276386.6,557091.8,62.14,56511.2,66.54,15549.7,43.97,15.21,34.86,49.93,Recycling Loops
textile,coal,929341.9,640869.7,46443.7,0.0676,1038883.6,301476.3,77.37,56791.8,61.33,21287.9,43.62,36.11,37.33,26.56,Process Changes
chemical,raw_materials,1733108.9,353323.7,96705.1,0.2149,224478.7,622310.7,63.06,59082.5,41.03,25848.4,32.11,28.05,34.07,37.88,Recycling Loops
chemical,raw_materials,2471014.6,339327.6,136944.7,0.2875,184361.9,789197.6,97.69,44969.5,53.51,57593.3,51.81,15.02,17.09,67.89,Alternative Materials
metal_engineering,waste,1509821.6,310151.0,90016.9,0.2249,306173.0,555683.4,64.84,63557.8,57.94,23265.0,44.93,22.11,36.99,40.9,Recycling Loops
general,natural_gas,748203.8,608807.4,202752.7,0.2498,707082.8,241578.4,70.02,36152.7,52.57,22012.6,37.22,28.8,42.8,28.4,Energy Optimization
metal_engineering,raw_materials,1414251.1,520671.6,38713.8,0.0692,144604.9,585310.2,75.89,70951.4,60.44,33268.3,38.75,15.29,21.87,62.84,Recycled Materials
metal_engineering,raw_materials,667938.7,696522.7,115369.9,0.1421,319256.7,309928.1,90.83,39253.8,50.58,30392.5,54.73,12.06,23.03,64.91,Alternative Materials
textile,waste,924254.4,387286.3,28085.7,0.0676,387298.7,337864.8,79.91,114761.3,79.47,44218.1,39.04,24.02,29.15,46.83,Waste-to-Value
metal_engineering,raw_materials,1434233.4,551033.7,83671.7,0.1318,337512.3,624135.7,73.55,50945.7,76.6,39960.0,36.2,26.13,20.38,53.49,Recycled Materials
metal_engineering,electricity,501642.2,1009769.7,233043.7,0.1875,493741.9,238114.9,61.7,35066.3,59.27,46996.6,36.95,22.74,46.46,30.8,Energy Optimization
chemical,electricity,556366.6,779782.2,46503.2,0.0563,1115825.2,248766.6,84.43,55846.1,57.39,26053.7,47.28,37.44,28.79,33.77,Process Changes
chemical,diesel,426124.3,436246.3,18559.4,0.0408,1439020.0,231730.2,71.94,33186.5,62.5,191652.0,35.93,55.16,16.91,27.93,Transportation Optimization
general,electricity,720880.8,895516.9,280676.4,0.2386,979434.2,193774.3,71.44,19546.2,66.02,42543.6,39.16,29.32,54.29,16.39,Energy Optimization
metal_engineering,electricity,445608.4,1856942.9,55601.7,0.0291,176829.6,75910.7,80.51,20736.9,61.91,15557.2,45.77,32.4,62.94,4.66,Renewable Energy Substitution
general,coal,1467235.6,1195198.2,111531.0,0.0854,1020993.8,531846.9,63.9,28515.7,69.24,30433.2,47.58,40.43,25.66,33.91,Process Changes
textile,raw_materials,1181498.2,337278.9,30007.4,0.0817,151413.0,445099.2,98.02,52324.8,69.0,54858.4,55.68,12.8,28.39,58.81,Alternative Materials
textile,raw_materials,1172274.8,428479.7,89074.5,0.1721,91835.1,349222.3,84.96,78732.9,87.95,57322.6,26.85,21.87,22.89,55.24,Material Reuse
general,waste,1006140.3,846858.4,91117.9,0.0971,134445.7,342247.2,70.61,67839.2,49.82,39305.7,29.37,26.0,25.01,48.99,Recycling Loops
metal_engineering,raw_materials,1830458.2,478374.5,43810.0,0.0839,339617.8,655371.7,84.27,39707.1,60.45,53775.5,37.02,25.14,30.6,44.26,Recycled Materials
general,waste,1808189.5,591376.2,65391.1,0.0996,104007.1,603043.1,80.07,52557.4,67.19,30646.2,35.0,18.81,37.9,43.29,Recycling Loops
metal_engineering,raw_materials,2339949.1,702607.8,134553.6,0.1607,245193.1,821531.7,85.96,31192.5,72.23,51023.3,32.94,29.42,30.19,40.39,Recycled Materials
textile,waste,857919.9,283084.4,45514.1,0.1385,144748.8,356202.9,72.86,171864.3,93.17,34687.2,45.22,21.18,27.11,51.71,Waste-to-Value
chemical,waste,2125244.1,475195.0,86433.9,0.1539,433481.3,597276.1,61.0,123138.9,85.82,24435.5,47.5,27.39,30.97,41.64,Waste-to-Value
chemical,coal,232170.8,1233762.0,123461.3,0.091,748745.0,60629.9,56.71,18032.1,49.88,33468.0,46.1,58.53,16.82,24.65,Renewable Energy Substitution
general,coal,1234850.7,755684.5,146227.5,0.1621,1313803.8,365257.4,62.18,61673.7,58.67,34533.4,43.85,48.48,29.21,22.31,Process Changes
general,raw_materials,601845.9,533729.9,66188.3,0.1103,243922.2,310427.2,77.16,37578.3,85.97,39886.8,33.7,19.39,25.91,54.7,Material Reuse
food_processing,coal,716994.6,1063934.4,163898.4,0.1335,705517.8,397865.7,82.93,40867.9,48.11,38312.5,38.27,46.55,33.77,19.68,Process Changes
general,electricity,245273.8,991291.6,63669.4,0.0604,278173.1,53117.5,72.49,12209.5,40.23,15272.9,51.84,30.06,53.45,16.49,Renewable Energy Substitution
textile,coal,436661.1,1155412.9,32895.7,0.0277,1561927.6,209704.8,80.49,32416.5,55.52,28670.3,42.88,41.96,38.15,19.89,Process Changes
chemical,waste,1301613.1,276670.1,62867.0,0.1852,194756.8,699667.6,67.71,228054.3,90.55,25227.5,43.59,27.61,33.25,39.14,Waste-to-Value
chemical,waste,761845.1,591578.9,60149.6,0.0923,186487.1,413716.5,68.05,76018.7,83.66,40368.4,33.36,27.8,32.12,40.08,Material Reuse
textile,raw_materials,567692.2,656994.3,68526.0,0.0945,373471.5,260288.7,76.79,40392.4,72.36,17812.6,28.09,20.0,30.6,49.4,Recycling Loops
food_processing,transport,370988.6,472813.1,60016.7,0.1126,897175.3,155499.9,56.91,16589.1,46.91,241456.5,35.01,44.68,19.38,35.94,Transportation Optimization
metal_engineering,waste,1503526.7,683788.4,39045.7,0.054,213844.5,451685.8,64.69,80340.4,61.04,23184.4,43.18,27.61,29.85,42.54,Recycling Loops
metal_engineering,raw_materials,784368.7,605930.0,75255.2,0.1105,383274.5,256866.6,84.34,60757.5,67.05,23474.2,29.15,27.87,29.63,42.5,Recycling Loops
food_processing,raw_materials,826139.8,573613.2,81308.1,0.1241,247385.0,438363.7,79.89,107670.8,87.85,90479.5,35.34,16.76,25.56,57.68,Material Reuse
chemical,electricity,770638.4,888404.9,63714.0,0.0669,1174357.2,401311.8,78.35,47939.3,74.08,27891.5,50.92,45.77,38.44,15.79,Process Changes
chemical,raw_materials,1322768.8,584416.5,113997.2,0.1632,223146.4,555439.1,75.46,50179.0,45.47,25925.8,34.73,26.15,33.71,40.14,Recycling Loops
chemical,natural_gas,1110707.4,1239411.5,147567.9,0.1064,1128688.3,294193.7,72.12,31843.5,63.53,26492.5,36.39,37.41,52.83,9.76,Energy Optimization
chemical,natural_gas,631440.8,1125208.3,250474.3,0.1821,1085309.9,200325.7,69.62,47361.0,62.99,18904.2,31.02,35.74,51.72,12.54,Energy Optimization
chemical,electricity,906964.8,617798.0,42130.5,0.0638,1222504.5,411521.9,62.37,34348.3,74.78,47137.1,46.06,39.26,26.58,34.16,Process Changes
chemical,waste,1470146.0,435001.8,52056.0,0.1069,419114.0,575464.2,61.6,195790.6,87.13,42026.0,37.82,23.61,27.51,48.88,Waste-to-Value
chemical,raw_materials,942033.4,705273.6,89400.1,0.1125,153203.9,353178.9,90.88,73378.1,87.21,54703.6,36.17,20.33,30.04,49.63,Recycled Materials
chemical,waste,773651.4,427388.9,49098.0,0.103,276961.6,240077.9,80.95,37978.3,90.99,61890.3,37.73,18.32,28.54,53.14,Material Reuse
textile,natural_gas,987253.0,1136136.5,166878.0,0.1281,453658.9,271472.1,68.39,37910.2,57.6,40457.4,36.15,25.75,42.27,31.98,Energy Optimization
metal_engineering,raw_materials,1371128.8,631419.7,119284.5,0.1589,448765.2,625038.0,77.6,69165.7,76.21,22774.8,43.32,28.62,25.94,45.44,Recycled Materials
chemical,waste,914819.5,438772.7,99925.2,0.1855,223004.6,283550.0,60.83,133286.2,95.78,22169.6,35.16,29.55,20.38,50.07,Waste-to-Value
general,raw_materials,570527.1,305088.9,80662.3,0.2091,236267.2,210156.4,77.17,66460.3,59.6,22523.0,29.68,21.11,28.48,50.41,Recycling Loops
general,raw_materials,574470.5,346130.6,139208.4,0.2868,120698.4,232556.8,81.96,67165.1,62.76,23225.1,34.61,18.93,30.15,50.92,Recycling Loops
chemical,waste,765848.6,738948.0,66269.9,0.0823,152657.0,432983.4,76.98,218122.9,85.55,32808.2,36.68,24.69,34.79,40.52,Waste-to-Value
food_processing,waste,1574079.4,743090.2,103006.7,0.1217,252243.1,563646.2,66.74,79032.2,83.11,27089.2,30.41,27.22,25.39,47.39,Waste-to-Value
textile,electricity,668731.2,1328649.9,176575.6,0.1173,1129618.0,179151.4,67.44,31136.9,65.86,38081.8,29.01,39.15,37.96,22.89,Energy Optimization
food_processing,electricity,337929.6,509953.6,111124.4,0.1789,685781.0,131450.9,61.07,30024.0,64.71,40034.9,42.63,20.19,54.33,25.48,Energy Optimization
chemical,natural_gas,886640.4,649042.2,121067.2,0.1572,338621.0,238284.9,79.05,24243.9,47.19,31645.0,42.56,31.04,35.94,33.02,Energy Optimization
textile,natural_gas,726351.4,791229.3,238854.6,0.2319,733316.6,224066.6,63.79,33672.8,52.95,33424.5,41.27,35.38,42.08,22.54,Energy Optimization
chemical,electricity,490501.8,2460124.8,126010.0,0.0487,147933.8,142853.4,52.67,26594.9,51.5,14249.8,53.06,10.08,57.05,32.87,Renewable Energy Substitution
textile,natural_gas,1330466.2,479949.5,162178.4,0.2526,834625.0,411757.3,72.19,36483.6,64.36,57900.9,30.91,53.08,36.98,9.94,Process Changes
metal_engineering,electricity,956149.7,2107026.2,176806.8,0.0774,82142.1,246980.8,71.28,25023.4,53.38,41453.5,46.83,17.14,48.67,34.19,Renewable Energy Substitution
general,coal,324407.8,1904555.4,112640.2,0.0558,1546704.6,56819.6,76.69,11000.3,55.94,15283.8,63.06,51.27,24.08,24.65,Renewable Energy Substitution
food_processing,electricity,965864.1,1048321.6,94155.2,0.0824,1271759.3,323840.9,70.44,54209.3,50.25,33543.4,34.93,42.18,29.61,28.21,Process Changes
textile,raw_materials,1859272.7,496702.3,61981.8,0.1109,276726.7,606249.2,84.06,98824.3,69.34,28130.1,30.58,22.87,33.33,43.8,Recycling Loops
general,raw_materials,2746528.0,724334.0,97663.7,0.1188,260180.9,898533.0,87.46,56576.5,62.56,35325.5,49.42,10.7,17.49,71.81,Alternative Materials
chemical,electricity,874085.2,1004363.0,162043.7,0.1389,1560560.4,279820.8,79.97,29479.1,61.37,27193.9,37.64,53.63,27.92,18.45,Process Changes
chemical,raw_materials,1046731.3,842315.4,49846.6,0.0559,325128.3,352460.5,64.39,77923.9,67.78,26621.2,37.83,29.93,30.99,39.08,Recycling Loops
textile,electricity,1565795.6,657690.1,132963.0,0.1682,737453.0,433756.3,83.38,45433.9,63.34,22757.3,49.02,40.71,37.3,21.99,Process Changes
textile,waste,779873.4,828146.5,106248.6,0.1137,336438.9,378935.7,68.41,61103.6,56.82,28795.7,39.9,18.86,39.23,41.91,Recycling Loops
textile,electricity,878024.7,1136001.8,382320.4,0.2518,486300.7,297588.6,76.62,35614.0,61.56,37708.9,28.99,24.36,54.23,21.41,Energy Optimization
chemical,raw_materials,1577835.9,757625.6,92379.2,0.1087,250064.4,551981.2,95.77,27481.7,59.71,37017.5,49.17,13.64,16.72,69.64,Alternative Materials
general,raw_materials,3462029.9,364496.4,30324.5,0.0768,79980.4,1104771.8,87.69,32934.9,56.8,34199.9,39.53,17.79,16.01,66.2,Alternative Materials
metal_engineering,natural_gas,675923.6,1152975.6,157427.6,0.1201,1428035.2,354913.9,79.74,28070.9,62.2,59353.8,36.4,50.89,34.81,14.3,Process Changes
textile,waste,1378841.2,667622.8,56073.7,0.0775,270821.1,670570.2,65.68,134028.9,88.95,37660.2,52.54,28.73,31.65,39.62,Waste-to-Value
general,electricity,382969.9,1776482.5,40960.6,0.0225,105175.9,59469.7,58.42,20363.3,69.16,22823.7,61.13,20.99,68.55,10.46,Renewable Energy Substitution
textile,raw_materials,1430648.3,331992.3,70947.0,0.1761,310612.6,449663.0,70.57,90917.6,52.79,38403.7,27.21,25.1,38.37,36.53,Recycling Loops
food_processing,electricity,1122897.6,1017050.9,91726.7,0.0827,702230.3,526564.5,73.31,58356.0,55.26,33411.5,51.68,45.44,27.81,26.75,Process Changes
general,raw_materials,1579467.8,525850.0,94893.0,0.1529,204055.4,482597.7,77.32,64564.3,91.21,64579.0,34.44,22.35,31.94,45.71,Material Reuse
textile,coal,347456.3,871471.7,26874.5,0.0299,1935152.3,112072.7,61.55,15687.7,68.24,19647.5,49.25,53.29,23.67,23.04,Renewable Energy Substitution
metal_engineering,raw_materials,1154711.5,664281.2,88309.0,0.1173,196119.6,311727.4,76.93,30315.5,65.31,54556.8,40.88,22.98,33.1,43.92,Recycled Materials
general,raw_materials,1610606.2,781437.6,159212.7,0.1693,154920.0,869051.4,77.23,61427.3,82.55,48418.1,50.91,19.69,32.88,47.43,Recycled Materials
food_processing,waste,947114.3,290695.2,26086.1,0.0823,249607.7,405168.8,84.71,149262.4,80.9,41736.9,42.28,23.99,21.44,54.57,Waste-to-Value
chemical,waste,1217556.0,338520.7,85230.1,0.2011,227453.5,626182.7,78.91,175997.5,83.38,21298.0,49.4,22.3,23.37,54.33,Waste-to-Value
textile,waste,1151565.9,560036.3,104484.0,0.1572,359841.7,537147.7,83.46,44850.8,40.43,31533.5,32.37,18.8,29.96,51.24,Recycling Loops
food_processing,transport,390410.1,419099.3,39867.3,0.0869,1268698.3,209965.3,55.88,16212.6,46.66,216227.5,55.56,57.82,10.82,31.36,Transportation Optimization
chemical,waste,850791.9,317926.9,48363.9,0.132,219378.2,238313.0,86.05,54926.4,92.4,41208.5,38.13,28.6,18.37,53.03,Material Reuse
general,electricity,281665.3,778727.0,179621.8,0.1874,610465.9,103056.9,79.17,44913.6,46.96,40192.6,33.91,39.9,41.05,19.05,Energy Optimization
chemical,natural_gas,1063687.0,1294950.9,442443.5,0.2547,954383.5,298428.9,73.02,22611.1,50.1,26359.7,28.12,33.63,40.37,26.0,Energy Optimization
chemical,electricity,701950.7,1933290.2,163385.4,0.0779,139492.0,226234.0,72.54,31391.2,49.71,10021.4,64.23,30.56,48.7,20.74,Renewable Energy Substitution
chemical,raw_materials,683289.8,380655.6,88538.4,0.1887,333228.4,267581.2,77.9,42129.2,75.01,59807.9,29.12,28.15,18.17,53.68,Material Reuse
general,raw_materials,1749872.1,231173.9,122216.2,0.3458,120477.3,532758.8,87.31,33208.6,72.7,40775.4,42.51,23.17,28.19,48.64,Alternative Materials
food_processing,coal,882118.5,993287.1,134013.9,0.1189,775884.5,251133.5,75.72,54297.7,71.29,54085.6,51.23,46.63,43.17,10.2,Process Changes
general,raw_materials,1338014.1,206812.2,80925.9,0.2812,69706.1,406936.1,86.65,45968.4,72.38,43334.8,59.17,15.62,19.29,65.09,Alternative Materials
general,waste,1923482.5,336901.6,95307.6,0.2205,327050.2,572695.7,64.26,120767.7,62.97,37046.4,36.68,23.13,38.79,38.08,Recycling Loops
chemical,raw_materials,3121787.7,671807.0,31623.4,0.045,196153.3,1091206.5,98.23,38696.1,68.4,26681.4,59.81,13.48,29.14,57.38,Alternative Materials
food_processing,transport,706097.8,324495.2,39054.0,0.1074,1564651.7,196146.9,63.75,28032.1,53.0,272439.6,49.2,45.26,17.56,37.18,Transportation Optimization
metal_engineering,electricity,696479.4,1175210.4,146012.7,0.1105,767687.7,166046.6,84.64,35320.3,54.36,56238.2,42.87,39.3,42.78,17.92,Process Changes
metal_engineering,waste,928276.9,320489.6,32898.2,0.0931,316519.9,343104.4,79.91,78856.0,55.85,27822.1,41.69,19.1,26.82,54.08,Recycling Loops
food_processing,natural_gas,662388.4,997746.8,206545.5,0.1715,593421.1,222017.5,62.62,40083.2,69.51,43159.6,42.62,27.19,41.5,31.31,Energy Optimization
chemical,transport,1042791.3,210028.4,37542.1,0.1516,1764122.1,334236.4,58.48,24098.5,52.13,202692.0,41.23,41.98,20.12,37.9,Transportation Optimization
textile,waste,838366.9,415454.3,76532.4,0.1556,435580.3,303008.7,76.37,68245.4,76.53,31554.8,32.62,15.34,22.57,62.09,Waste-to-Value
metal_engineering,natural_gas,1132337.7,647744.5,74567.6,0.1032,836382.8,503921.2,78.09,50137.5,68.96,30284.6,43.6,44.2,40.65,15.15,Process Changes
chemical,diesel,784819.7,173872.2,20089.3,0.1036,1267404.1,291734.5,56.34,28630.5,59.39,302356.5,36.39,53.78,11.25,34.97,Transportation Optimization
food_processing,diesel,741481.6,400027.8,49710.6,0.1105,1580280.7,243031.2,73.52,33254.2,61.97,268501.7,33.75,40.12,24.61,35.27,Transportation Optimization
chemical,raw_materials,657687.4,466378.9,85812.6,0.1554,53984.4,339705.4,75.57,72422.6,71.81,76066.1,35.06,26.48,24.71,48.81,Material Reuse
metal_engineering,raw_materials,3173508.7,791028.3,36020.8,0.0436,455965.4,894775.8,76.47,36567.5,82.96,28855.9,49.31,16.54,21.89,61.57,Recycled Materials
chemical,coal,360229.3,638280.0,172469.9,0.2127,666833.7,182787.5,70.79,57274.5,59.2,53171.5,46.05,39.19,43.98,16.83,Process Changes
textile,raw_materials,688564.3,713276.4,111475.5,0.1352,215960.8,388050.7,91.88,38938.9,55.2,37354.1,46.77,19.24,24.53,56.23,Alternative Materials
textile,electricity,1417553.3,1014350.0,157938.7,0.1347,1356781.9,402426.3,72.85,51891.7,56.73,53652.3,44.9,48.96,35.72,15.32,Process Changes
general,electricity,433127.7,1378216.3,467033.1,0.2531,825251.0,89370.0,79.38,39705.2,53.4,20150.5,30.44,23.35,35.91,40.74,Energy Optimization
general,transport,323632.6,295904.4,68841.2,0.1887,1158002.4,188684.3,73.25,31360.5,52.61,243596.0,33.53,48.24,10.67,41.09,Transportation Optimization
textile,waste,1004201.9,449271.9,41139.2,0.0839,234073.0,635808.4,69.08,240804.7,96.77,19347.0,34.43,27.94,25.89,46.17,Waste-to-Value
general,raw_materials,1654549.9,353918.0,105042.7,0.2289,119334.2,808797.2,91.5,58880.2,68.26,33980.3,40.51,12.27,18.38,69.35,Alternative Materials
textile,electricity,256108.1,827727.0,160571.0,0.1625,1107351.7,83766.9,73.98,48417.2,62.66,49786.9,39.69,20.69,51.54,27.77,Energy Optimization
metal_engineering,coal,1488283.4,460515.7,99424.6,0.1776,1588181.9,457840.1,84.05,55083.5,71.25,48261.2,46.73,45.46,43.48,11.06,Process Changes
metal_engineering,coal,826060.8,707100.0,100776.4,0.1247,1455735.8,315939.2,73.37,20908.8,49.76,45667.5,45.77,46.65,27.87,25.48,Process Changes
chemical,electricity,312733.1,2026563.3,218109.7,0.0972,130715.0,67630.9,52.04,35564.0,65.57,34451.5,49.51,19.5,73.74,6.76,Renewable Energy Substitution
food_processing,waste,2180192.3,419747.0,89615.1,0.1759,120346.8,664558.2,65.56,249937.9,78.95,38146.4,35.59,16.21,33.12,50.67,Waste-to-Value
chemical,waste,571164.5,396946.8,35385.3,0.0818,189180.9,236036.5,86.04,60155.5,93.81,66983.3,37.63,23.14,17.59,59.27,Material Reuse
chemical,waste,1430799.0,497920.0,113390.2,0.1855,411488.1,592900.2,67.41,163551.6,80.15,28317.5,42.11,27.47,33.44,39.09,Waste-to-Value
chemical,waste,914549.2,409399.2,29870.7,0.068,238484.5,294299.5,74.04,191633.6,87.24,28027.1,39.68,27.63,23.29,49.08,Waste-to-Value
textile,waste,992888.5,478052.7,44534.8,0.0852,364498.5,425668.0,83.96,109553.6,90.7,43221.5,46.59,28.07,32.41,39.52,Waste-to-Value
general,waste,330614.1,573059.2,50644.7,0.0812,268856.4,157119.4,69.72,71531.2,91.96,66635.3,43.6,22.26,24.81,52.93,Material Reuse
chemical,raw_materials,965372.7,802467.9,87789.7,0.0986,311971.3,396221.7,75.75,70651.8,50.54,29455.7,36.96,23.69,29.3,47.01,Recycling Loops
metal_engineering,raw_materials,944850.4,241864.3,85811.8,0.2619,113014.2,287929.3,72.28,65011.6,73.76,65214.2,41.03,21.62,24.81,53.57,Material Reuse
general,raw_materials,1534062.4,586140.1,137749.7,0.1903,198936.1,666399.9,84.67,33948.5,76.95,47006.9,41.98,15.18,20.14,64.68,Recycled Materials
metal_engineering,waste,1282778.7,611544.0,81893.2,0.1181,238662.2,529507.1,62.19,100136.3,71.35,16444.7,29.09,25.75,31.56,42.69,Recycling Loops
general,diesel,428579.7,438489.2,78194.0,0.1513,815494.5,164055.5,50.51,28117.5,59.32,130955.1,52.57,42.48,12.02,45.5,Transportation Optimization
general,electricity,650109.3,855672.0,75508.0,0.0811,258307.3,230706.2,70.02,32607.6,66.32,15451.2,44.6,11.77,54.6,33.63,Renewable Energy Substitution
general,electricity,392993.0,914542.9,162331.9,0.1507,942365.5,176648.8,72.9,35568.8,65.17,58041.3,40.68,44.32,38.09,17.59,Process Changes
metal_engineering,electricity,708856.4,1134088.1,361206.9,0.2416,971675.6,189313.0,69.24,37386.1,56.39,31022.3,28.28,23.48,44.77,31.75,Energy Optimization
textile,natural_gas,464815.6,1029174.5,350042.8,0.2538,380671.1,230271.0,79.25,25520.2,66.54,47678.0,40.7,24.63,41.68,33.69,Energy Optimization
food_processing,electricity,476231.5,2028306.4,180414.9,0.0817,201764.5,108293.4,82.38,26556.4,67.67,17500.8,49.63,31.86,46.5,21.64,Renewable Energy Substitution
textile,waste,1349031.7,262404.7,61458.5,0.1898,149542.1,555193.8,76.53,68354.6,94.24,22462.3,40.81,25.02,26.44,48.54,Waste-to-Value
general,electricity,1186737.8,1145960.3,124591.3,0.0981,1527570.9,452866.7,62.59,30401.8,56.83,26804.3,40.89,44.43,44.13,11.44,Process Changes
textile,waste,660179.7,590030.5,110241.9,0.1574,147660.9,325186.5,73.57,211812.0,75.83,44520.5,41.37,20.39,24.39,55.22,Waste-to-Value
metal_engineering,raw_materials,2934350.6,300489.5,33593.8,0.1006,272750.6,935828.2,85.44,57448.5,51.56,41651.9,53.6,23.06,25.71,51.23,Alternative Materials
chemical,natural_gas,559933.4,1127606.7,329784.9,0.2263,793394.3,198690.8,61.76,29377.4,58.64,31169.3,43.31,38.13,51.44,10.43,Energy Optimization
metal_engineering,raw_materials,797217.0,294226.4,94600.3,0.2433,307850.9,398424.8,76.09,74024.3,94.38,92946.2,29.31,27.17,18.94,53.89,Material Reuse
metal_engineering,natural_gas,848298.9,1032332.2,167440.6,0.1396,927203.6,388564.0,72.52,64172.5,69.93,56469.5,35.6,50.45,30.31,19.24,Process Changes
textile,electricity,1050030.8,415903.9,111183.1,0.2109,1552260.6,306510.7,70.5,63600.6,65.84,48766.9,42.38,52.77,37.55,9.68,Process Changes
food_processing,waste,974876.9,487963.3,115662.9,0.1916,186573.0,565823.0,70.99,116591.0,85.49,17136.2,49.97,18.65,30.88,50.47,Waste-to-Value
food_processing,waste,1695028.9,372047.3,94256.3,0.2021,246885.3,690688.6,68.74,235128.2,96.46,22255.6,49.96,21.5,33.76,44.74,Waste-to-Value
food_processing,waste,785908.0,267452.9,76455.9,0.2223,235745.8,250538.2,80.05,233864.6,92.4,39672.7,35.41,18.95,23.13,57.92,Waste-to-Value
general,natural_gas,781930.3,545726.6,183549.4,0.2517,429406.7,278662.9,61.67,43791.9,48.8,16334.6,40.23,25.61,49.29,25.1,Energy Optimization
metal_engineering,coal,845519.6,1956327.5,124623.5,0.0599,1953309.7,230627.9,67.92,37170.4,54.15,18064.7,46.51,58.25,25.02,16.73,Renewable Energy Substitution
chemical,natural_gas,428995.4,1155834.4,160399.1,0.1219,541196.8,166498.9,65.6,22973.4,65.13,37338.1,37.61,24.52,53.36,22.12,Energy Optimization
general,raw_materials,1064714.7,711575.3,125563.3,0.15,251697.5,538344.3,63.5,71344.7,53.63,27782.4,46.44,28.11,27.02,44.87,Recycling Loops
chemical,electricity,678038.1,2355809.5,120667.2,0.0487,123352.7,177932.9,64.55,27838.0,54.7,15354.9,53.14,26.94,68.13,4.93,Renewable Energy Substitution
chemical,raw_materials,803968.0,586697.3,48931.0,0.077,177738.1,344658.1,63.99,58466.5,67.6,19179.9,26.63,24.44,39.64,35.92,Recycling Loops
textile,waste,864268.7,322280.0,43520.2,0.119,144982.6,380878.4,81.14,71163.9,62.91,32732.9,38.9,20.36,33.66,45.98,Recycling Loops
metal_engineering,raw_materials,1117369.6,548350.9,74882.2,0.1202,299988.7,312440.4,76.01,118974.0,54.63,37775.4,47.85,16.59,28.5,54.91,Recycling Loops
food_processing,raw_materials,838086.4,417920.4,30051.5,0.0671,136918.4,233563.1,69.91,65835.8,87.6,48047.2,32.33,20.86,34.53,44.61,Material Reuse
chemical,raw_materials,1278950.4,758664.4,91450.7,0.1076,362069.5,419153.8,73.51,33825.4,62.11,26497.6,45.28,28.1,32.07,39.83,Recycled Materials
chemical,raw_materials,1711743.5,324731.8,23449.2,0.0673,113502.4,824737.4,90.9,55706.9,74.52,33672.7,43.71,15.7,23.85,60.45,Alternative Materials
metal_engineering,coal,775164.4,1786841.4,113584.1,0.0598,1973703.3,199534.4,70.15,35524.4,45.43,10532.6,59.33,46.97,17.31,35.72,Renewable Energy Substitution
chemical,raw_materials,745555.4,563737.8,106569.0,0.159,203517.0,455697.1,71.91,41677.1,89.0,53064.8,38.7,23.56,33.64,42.8,Recycled Materials
general,raw_materials,2213851.4,731230.9,46590.5,0.0599,114236.1,896314.7,75.12,27960.7,65.7,21363.5,39.84,27.04,25.12,47.84,Recycled Materials
general,raw_materials,1051428.7,310534.9,136218.7,0.3049,279002.4,436893.9,91.16,44611.9,52.5,55296.7,55.68,17.58,29.51,52.91,Alternative Materials
textile,waste,1648100.3,437879.7,118335.9,0.2128,332891.7,678274.5,65.04,224151.8,82.39,44686.9,33.94,22.75,31.89,45.36,Waste-to-Value
food_processing,coal,628259.0,2365155.9,15318.4,0.0064,1798125.6,152271.8,71.66,19078.2,73.83,19864.8,56.49,63.29,31.83,4.88,Renewable Energy Substitution
textile,natural_gas,284565.3,1405860.6,271658.7,0.1619,826420.4,82681.3,66.64,17178.5,58.05,43610.7,31.51,30.55,39.08,30.37,Energy Optimization
metal_engineering,natural_gas,408469.7,500252.5,145470.2,0.2253,972163.3,192139.0,78.06,46795.6,58.1,36279.6,44.94,25.98,41.49,32.53,Energy Optimization
general,waste,472318.5,578310.6,30605.9,0.0503,282401.9,242685.7,86.47,88997.0,88.85,48143.6,33.86,24.27,30.4,45.33,Material Reuse
chemical,raw_materials,2789540.7,599118.3,87998.5,0.1281,175590.7,1089480.5,90.49,52664.0,63.17,35077.8,48.18,14.52,26.21,59.27,Alternative Materials
chemical,coal,957696.9,481545.5,39408.2,0.0756,883753.4,471894.8,82.97,60353.8,72.6,56309.0,41.6,39.39,40.96,19.65,Process Changes
general,raw_materials,897718.5,388942.0,70577.1,0.1536,215666.0,362239.8,79.96,87163.4,60.02,36325.3,43.73,16.98,35.71,47.31,Recycling Loops
food_processing,electricity,781091.9,1014188.2,204428.6,0.1678,340334.7,290648.1,79.06,24777.5,63.29,35250.1,32.04,25.24,44.82,29.94,Energy Optimization
chemical,diesel,273919.7,266621.5,60530.9,0.185,1699480.6,103268.6,76.1,15465.5,53.68,286040.0,53.42,53.85,22.66,23.49,Transportation Optimization
general,raw_materials,1370391.6,844937.1,143807.3,0.1454,338862.1,675186.3,89.56,56834.4,78.97,25476.7,41.48,25.75,24.06,50.19,Recycled Materials
general,raw_materials,2143442.4,570930.8,33145.9,0.0549,79437.4,930872.2,86.02,52874.4,71.19,23254.0,39.87,24.8,20.61,54.59,Alternative Materials
food_processing,diesel,687818.9,450607.2,34566.7,0.0712,1729198.7,184319.5,77.81,34094.8,44.36,314135.0,34.23,40.46,16.66,42.88,Transportation Optimization
chemical,waste,1072169.6,352563.5,31269.5,0.0815,237483.1,405104.7,86.43,55915.4,93.76,38795.8,37.06,15.86,32.88,51.26,Material Reuse
food_processing,transport,702788.8,196692.3,36178.2,0.1554,677457.4,295402.0,79.13,30676.1,69.24,284489.1,54.24,49.43,17.77,32.8,Transportation Optimization
food_processing,electricity,455998.5,1286168.4,215342.2,0.1434,959728.6,214256.9,63.4,46679.7,50.02,49635.5,28.12,25.27,39.0,35.73,Energy Optimization
chemical,waste,1723738.4,534716.3,63996.8,0.1069,167385.5,572566.4,63.18,79736.0,91.33,21265.1,37.67,22.13,26.74,51.13,Waste-to-Value
general,coal,466664.2,950128.7,51473.3,0.0514,1077319.2,206547.0,55.62,39282.9,51.03,25012.3,47.69,56.59,16.17,27.24,Renewable Energy Substitution
metal_engineering,waste,1304491.9,417849.5,37094.0,0.0815,263773.9,479913.3,72.64,113539.2,70.14,30390.6,26.28,25.43,31.27,43.3,Recycling Loops
chemical,raw_materials,672908.0,324195.5,87154.4,0.2119,51927.0,306897.6,88.07,21468.9,53.24,33554.4,55.66,18.58,22.69,58.73,Alternative Materials
chemical,waste,680426.7,665563.6,26470.8,0.0383,195521.0,201227.3,70.39,198379.9,93.37,43355.7,45.21,18.82,33.86,47.32,Waste-to-Value
general,raw_materials,888601.0,224362.2,76125.2,0.2533,52948.3,293213.9,72.58,87003.3,89.16,53245.7,41.23,19.41,23.93,56.66,Material Reuse
chemical,waste,542008.6,748925.3,138708.8,0.1563,204432.5,221337.0,80.03,94394.3,46.95,27370.7,42.33,26.56,32.49,40.95,Recycling Loops
general,raw_materials,1882577.9,789021.8,81463.4,0.0936,290382.2,602780.0,69.82,126558.6,54.55,30027.1,41.62,29.26,28.67,42.07,Recycling Loops
chemical,diesel,1359596.9,213048.0,37237.4,0.1488,880428.0,388795.6,69.55,17424.3,67.89,260336.7,39.4,44.47,12.99,42.54,Transportation Optimization
general,electricity,490193.2,1232532.1,24339.5,0.0194,175767.1,148933.7,56.12,31996.6,52.66,16522.8,49.3,24.09,66.79,9.12,Renewable Energy Substitution
chemical,waste,847013.7,515100.7,38798.1,0.07,108744.2,465839.2,74.98,77688.3,55.11,16348.3,37.36,22.57,27.24,50.19,Recycling Loops
chemical,raw_materials,2272291.3,776361.1,171148.8,0.1806,349284.1,732057.7,87.71,71477.2,71.85,21794.2,40.04,25.11,26.76,48.13,Recycled Materials
textile,waste,1529877.6,628741.2,64824.0,0.0935,204055.2,435270.7,62.33,68726.7,77.57,20614.4,42.6,27.74,23.53,48.73,Waste-to-Value
metal_engineering,raw_materials,1527863.5,312710.9,71030.8,0.1851,127612.3,451273.0,82.93,75233.2,69.57,15006.0,29.71,15.46,29.92,54.62,Recycling Loops
chemical,electricity,730255.0,1006895.5,102962.9,0.0928,266977.8,184779.7,73.25,27930.5,47.1,24988.8,59.49,23.43,45.56,31.01,Renewable Energy Substitution
metal_engineering,waste,448555.6,524103.7,62926.3,0.1072,133465.2,171562.8,68.74,102127.5,87.15,49994.1,26.31,25.36,26.45,48.19,Material Reuse
chemical,raw_materials,1274029.2,307809.9,50880.6,0.1419,389988.3,462879.3,96.96,39691.1,57.42,54830.0,47.8,17.72,20.39,61.89,Alternative Materials
general,raw_materials,1622715.0,821789.8,43220.2,0.05,410719.4,800906.0,74.0,48669.1,64.96,44731.1,42.71,24.53,22.95,52.52,Recycled Materials
food_processing,transport,355297.3,440311.0,73427.6,0.1429,681761.1,190623.6,59.61,20861.1,45.08,204127.4,49.24,47.43,19.99,32.58,Transportation Optimization
chemical,waste,1550371.5,421446.0,64745.0,0.1332,425131.4,655375.9,77.89,228089.7,82.35,26433.3,45.34,24.35,27.23,48.42,Waste-to-Value
metal_engineering,raw_materials,1149373.0,265161.1,84993.1,0.2427,306018.7,470019.2,71.1,102796.5,78.02,68140.3,26.01,15.66,29.41,54.93,Material Reuse
general,diesel,876814.0,424708.0,43187.0,0.0923,841845.5,295337.7,71.98,13126.8,48.31,140893.7,41.88,54.09,20.71,25.2,Transportation Optimization
chemical,raw_materials,1776077.4,412773.3,57341.1,0.122,153707.8,510247.0,85.59,20715.0,79.63,37110.9,46.46,20.19,18.27,61.54,Alternative Materials
textile,waste,1785736.8,719458.9,77018.6,0.0967,280526.0,527417.0,76.98,82345.1,53.58,24399.0,40.08,22.42,37.74,39.84,Recycling Loops
chemical,electricity,575309.5,1284676.0,201747.9,0.1357,473281.3,209802.7,74.82,26169.9,47.62,40086.1,33.09,23.33,37.95,38.72,Energy Optimization
chemical,diesel,798245.7,407254.8,21152.5,0.0494,956036.0,377986.4,62.87,33471.7,69.74,211131.8,39.49,54.77,12.39,32.84,Transportation Optimization
metal_engineering,raw_materials,816209.0,359099.3,123073.1,0.2552,315429.8,295272.6,63.63,68466.3,74.16,21420.8,36.03,15.45,30.96,53.59,Recycling Loops
textile,raw_materials,1204720.1,219944.1,31992.7,0.127,211274.3,351527.4,79.84,36272.7,94.01,37675.3,27.86,15.21,26.34,58.45,Material Reuse
general,natural_gas,1647106.7,529824.7,31862.4,0.0567,688410.9,485270.4,60.54,30491.6,67.72,43444.4,47.22,49.92,26.01,24.07,Process Changes
metal_engineering,coal,784253.9,660041.2,64917.0,0.0895,791424.0,238508.0,64.9,25878.1,73.02,25767.6,34.5,39.93,43.66,16.41,Process Changes
textile,raw_materials,1269083.4,271919.2,63890.0,0.1903,380018.4,590882.6,92.26,48120.8,60.91,58871.3,59.17,13.78,22.46,63.76,Alternative Materials
general,raw_materials,1694113.3,705352.1,106334.1,0.131,444578.3,812923.2,70.22,67792.5,73.82,54609.4,41.66,29.47,30.97,39.56,Recycled Materials
metal_engineering,raw_materials,555941.1,444897.9,36052.6,0.075,264476.6,334552.4,70.49,44823.5,83.51,39816.3,38.26,24.82,23.48,51.7,Recycled Materials
chemical,waste,1150335.4,645787.0,115764.3,0.152,244775.7,676210.3,80.59,151399.7,90.5,28049.5,43.97,15.87,30.44,53.69,Waste-to-Value
chemical,coal,899949.6,573797.3,39770.6,0.0648,1358249.6,452349.7,80.34,20201.7,60.04,48193.4,33.42,48.0,26.68,25.32,Process Changes
metal_engineering,coal,542863.5,787295.3,26823.3,0.0329,1443683.3,166838.9,72.18,31518.5,40.67,13678.0,50.07,48.1,16.51,35.39,Renewable Energy Substitution
metal_engineering,raw_materials,1053564.9,484556.5,137362.2,0.2209,359537.8,348220.1,74.69,116256.7,55.44,15448.9,27.64,22.66,39.54,37.8,Recycling Loops
chemical,electricity,537990.6,2223211.0,218293.9,0.0894,149018.0,167721.5,59.02,30695.5,50.82,39542.8,46.09,10.37,53.06,36.57,Renewable Energy Substitution
food_processing,transport,842983.1,297592.8,22119.9,0.0692,897053.1,364726.4,60.83,25513.8,59.98,269820.7,36.75,42.62,16.73,40.65,Transportation Optimization
general,raw_materials,449655.4,636322.2,106563.5,0.1434,189592.1,248583.1,61.74,93004.2,58.22,33555.0,37.21,21.34,30.97,47.69,Recycling Loops
general,raw_materials,1153677.6,365260.6,92742.6,0.2025,370033.3,552827.8,75.56,68355.1,58.97,17281.1,40.94,25.79,39.34,34.87,Recycling Loops
chemical,raw_materials,2571773.0,396159.0,39355.4,0.0904,156961.5,1088985.7,98.95,34732.4,63.46,48882.8,57.5,18.9,20.87,60.23,Alternative Materials
chemical,waste,1289976.3,332700.5,98830.3,0.229,180145.5,463321.1,71.29,170126.1,95.17,41032.4,41.28,15.23,26.4,58.37,Waste-to-Value
textile,electricity,518001.1,1341208.4,79030.2,0.0556,280466.6,146106.3,50.49,23165.1,68.72,37302.1,54.37,16.24,58.95,24.81,Renewable Energy Substitution
chemical,raw_materials,811766.8,720683.8,132016.8,0.1548,263260.7,260006.7,82.82,38920.6,73.51,53515.3,39.98,27.6,22.83,49.57,Recycled Materials
metal_engineering,raw_materials,1661053.5,546782.4,66079.7,0.1078,368953.5,786942.0,84.81,70339.3,71.91,25471.1,46.76,20.41,30.07,49.52,Recycled Materials
chemical,diesel,591763.9,379727.3,40381.1,0.0961,1020860.1,229478.6,72.29,22536.0,64.42,261400.2,32.53,50.76,16.55,32.69,Transportation Optimization
food_processing,waste,958123.1,525665.3,82513.0,0.1357,346925.9,540106.7,67.31,122759.1,90.67,25483.4,35.32,20.62,24.08,55.3,Waste-to-Value
general,waste,1407411.5,437398.6,36809.4,0.0776,84899.5,489540.9,65.51,95202.3,89.7,52832.8,27.71,17.18,28.95,53.87,Material Reuse
chemical,natural_gas,488034.9,1075370.1,228709.2,0.1754,807435.7,114639.7,77.12,46834.9,56.24,24815.0,30.39,33.68,41.24,25.08,Energy Optimization
chemical,waste,838806.3,388961.0,109579.9,0.2198,292495.9,406708.3,61.82,195683.1,91.17,33421.3,42.76,21.51,28.9,49.59,Waste-to-Value
chemical,waste,903873.1,595277.5,130187.4,0.1795,350897.4,257374.9,62.33,93034.1,58.62,21659.4,45.79,28.91,31.04,40.05,Recycling Loops
metal_engineering,electricity,827040.6,2130808.7,160848.2,0.0702,180015.6,244124.2,74.35,38341.9,51.08,21682.1,63.93,13.75,73.38,12.87,Renewable Energy Substitution
metal_engineering,raw_materials,1190181.3,586448.6,59541.3,0.0922,328514.2,448500.0,76.52,69061.1,56.84,30433.9,34.91,17.98,39.42,42.6,Recycling Loops
food_processing,natural_gas,847647.4,1027129.9,79867.2,0.0721,1150476.8,436255.7,82.23,57610.4,63.25,35535.7,41.07,48.94,41.34,9.72,Process Changes
chemical,coal,810945.5,975601.3,96315.6,0.0899,1220755.7,286127.0,68.06,39099.5,49.37,53245.6,37.67,43.0,42.88,14.12,Process Changes
general,electricity,465033.2,518730.3,102657.0,0.1652,367358.5,184532.4,68.43,30553.5,46.13,27656.6,40.86,27.38,49.3,23.32,Energy Optimization
chemical,diesel,541656.8,264146.3,43859.3,0.1424,1526809.2,287617.7,59.24,19655.1,49.17,226797.1,40.65,53.14,18.7,28.16,Transportation Optimization
metal_engineering,waste,1214811.1,334990.8,21446.5,0.0602,170099.0,342456.9,79.25,84761.8,90.91,47927.8,27.41,27.77,18.13,54.1,Material Reuse
general,raw_materials,2406058.7,726423.8,116299.9,0.138,293955.5,932235.7,90.03,31743.7,74.28,52404.5,57.08,23.7,22.67,53.63,Alternative Materials
general,raw_materials,1054852.3,390859.4,101612.4,0.2063,340722.7,628128.8,78.83,43594.6,63.8,33711.0,35.25,26.02,23.13,50.85,Recycled Materials
general,electricity,747369.2,581625.5,113008.9,0.1627,1208717.0,217451.3,84.41,41967.0,46.73,57490.5,42.9,48.98,35.5,15.52,Process Changes
chemical,natural_gas,630743.9,777266.1,146880.8,0.1589,1205068.5,174244.1,62.39,21706.3,58.7,53034.1,36.89,42.68,43.19,14.13,Process Changes
textile,electricity,453812.0,1594776.8,44842.4,0.0273,98432.2,94583.8,74.8,11213.4,41.8,31285.0,57.98,26.63,56.16,17.21,Renewable Energy Substitution
general,raw_materials,1677091.2,715412.6,64999.9,0.0833,350132.1,735600.9,74.81,28296.9,63.93,41209.9,48.99,15.67,31.01,53.32,Recycled Materials
metal_engineering,raw_materials,2663259.9,312605.5,35164.7,0.1011,278330.2,780825.9,89.48,29768.9,76.15,51963.0,39.76,27.44,22.01,50.55,Recycled Materials
general,waste,746331.5,431917.1,33320.3,0.0716,263666.1,211561.6,70.41,72077.8,92.87,47702.9,27.88,26.38,25.01,48.61,Material Reuse
metal_engineering,raw_materials,954623.7,200080.8,86446.8,0.3017,66398.2,548552.6,94.9,22507.6,75.18,20152.8,43.43,21.11,19.74,59.15,Alternative Materials
chemical,waste,668935.9,354444.4,98638.9,0.2177,251578.1,296021.0,82.61,97639.8,75.59,15608.4,45.56,24.93,24.67,50.4,Waste-to-Value
food_processing,coal,663675.8,1132413.4,157876.6,0.1224,1137816.0,358138.5,83.27,61959.3,74.08,25015.2,33.53,48.53,35.83,15.64,Process Changes
general,electricity,269952.4,898440.1,29005.3,0.0313,289629.7,103230.0,60.38,15927.9,44.52,18164.0,57.99,21.38,61.61,17.01,Renewable Energy Substitution
chemical,waste,730435.8,387086.9,35787.7,0.0846,139917.6,373835.9,79.07,175514.5,77.36,40567.1,45.03,29.41,30.05,40.54,Waste-to-Value
metal_engineering,diesel,361009.5,320660.3,30483.9,0.0868,1523597.4,179285.6,71.82,30932.1,63.53,153031.0,42.44,45.33,17.37,37.3,Transportation Optimization
textile,raw_materials,990627.7,254892.1,134069.9,0.3447,142960.0,416563.4,97.44,58226.1,75.86,52380.6,52.42,18.26,16.3,65.44,Alternative Materials
textile,waste,1143136.6,338604.7,107938.4,0.2417,359955.8,529699.5,70.17,109775.4,97.53,38917.2,37.54,27.71,31.38,40.91,Waste-to-Value
food_processing,waste,705705.8,677000.4,79305.8,0.1049,259253.9,274818.4,71.24,112913.5,96.69,41522.1,32.1,22.75,23.38,53.87,Waste-to-Value
textile,waste,1725825.3,606289.0,85320.4,0.1234,235526.2,654520.5,84.24,92991.5,80.13,30768.9,32.28,21.55,28.73,49.72,Waste-to-Value
food_processing,diesel,1090309.6,216843.7,41311.7,0.16,1246407.0,353082.9,51.81,24918.1,61.51,314915.1,52.99,41.91,20.64,37.45,Transportation Optimization
chemical,natural_gas,661674.0,1081880.1,136130.8,0.1118,1184071.5,348413.2,67.47,25366.0,57.27,21140.7,34.64,43.65,33.37,22.98,Process Changes
general,raw_materials,901830.4,768841.4,90324.1,0.1051,143140.5,342764.8,67.05,87777.3,41.81,18963.4,43.88,16.99,28.5,54.51,Recycling Loops
metal_engineering,diesel,752097.7,401669.4,33970.4,0.078,658665.9,370825.3,64.49,17024.0,61.49,293757.5,32.01,52.2,21.51,26.29,Transportation Optimization
chemical,waste,1206779.3,274646.0,90963.8,0.2488,391279.0,623174.4,76.96,241263.0,86.75,42414.4,54.2,27.71,24.65,47.64,Waste-to-Value
textile,raw_materials,979238.0,276857.4,63974.8,0.1877,374829.3,502154.1,90.21,37283.1,63.18,44517.6,58.75,13.61,16.82,69.57,Alternative Materials
textile,waste,787610.6,727454.0,116095.9,0.1376,393147.0,381912.5,61.82,168075.6,87.85,40499.3,54.9,22.62,25.18,52.2,Waste-to-Value
food_processing,electricity,613473.4,1228744.2,144255.6,0.1051,159340.8,144367.9,67.45,36523.1,61.14,34278.7,50.9,10.73,72.93,16.34,Renewable Energy Substitution
general,diesel,398515.9,456356.8,46717.5,0.0929,869977.7,112362.6,70.27,15366.1,69.69,212751.1,39.51,51.44,14.13,34.43,Transportation Optimization
chemical,waste,932020.2,581693.5,69615.6,0.1069,228811.3,510453.2,82.1,58628.8,72.14,35379.5,47.53,28.2,29.2,42.6,Recycling Loops
chemical,raw_materials,1054311.8,412536.0,51977.6,0.1119,336111.1,374738.6,71.86,44484.8,91.06,56730.9,38.21,22.06,18.98,58.96,Material Reuse
chemical,waste,1297508.2,547552.4,32434.8,0.0559,285027.3,386266.7,66.75,58615.3,62.89,25405.4,29.95,25.34,33.48,41.18,Recycling Loops
chemical,natural_gas,975529.2,733305.5,83045.7,0.1017,1077364.9,389856.1,74.17,49437.6,54.23,25057.0,46.74,52.02,30.14,17.84,Process Changes
textile,natural_gas,1019582.1,732631.1,74998.7,0.0929,553386.8,447712.4,78.65,50182.7,64.31,29748.7,30.49,51.17,34.82,14.01,Process Changes
metal_engineering,electricity,578652.3,2301928.2,129149.3,0.0531,262428.3,115435.6,61.88,36866.9,54.9,37641.8,46.63,33.4,61.65,4.95,Renewable Energy Substitution
general,coal,1451932.3,855237.3,35351.2,0.0397,1064874.3,393808.1,64.78,32299.8,64.21,38732.0,48.88,41.85,30.33,27.82,Process Changes
chemical,raw_materials,1287855.7,549413.7,38918.0,0.0661,113452.0,407612.4,72.36,72953.4,74.06,92584.7,42.03,27.96,23.14,48.9,Material Reuse
metal_engineering,waste,527965.2,464586.5,92261.9,0.1657,79564.1,231227.5,81.3,96780.8,91.43,59906.4,26.79,21.57,19.61,58.82,Material Reuse
textile,natural_gas,561486.3,1010415.5,55285.4,0.0519,1194620.9,184265.7,83.67,33127.6,51.79,25165.5,50.81,49.24,39.83,10.93,Process Changes
textile,natural_gas,1303584.8,609965.0,79288.8,0.115,618696.3,524030.6,67.28,43428.0,56.74,58397.1,37.37,49.25,41.01,9.74,Process Changes
chemical,raw_materials,1831162.0,796874.3,41480.9,0.0495,394460.2,587111.5,77.2,124487.5,65.28,19761.4,35.73,16.07,30.84,53.09,Recycling Loops
chemical,raw_materials,553017.2,513264.0,33449.4,0.0612,203678.2,320581.2,79.38,105964.0,84.49,67413.0,26.01,15.94,18.75,65.31,Material Reuse
food_processing,waste,711308.2,283762.7,20942.4,0.0687,349226.9,248375.9,80.36,48251.2,84.51,89242.1,31.4,25.05,18.76,56.19,Material Reuse
general,diesel,608443.7,354945.0,59764.8,0.1441,768187.7,207527.7,77.17,24179.3,46.51,118240.5,45.47,48.69,15.02,36.29,Transportation Optimization
metal_engineering,transport,231306.1,323731.2,34528.9,0.0964,1685608.1,127145.9,76.09,19417.6,66.42,257615.1,34.71,55.22,20.03,24.75,Transportation Optimization
textile,electricity,818431.8,1279915.8,436181.8,0.2542,748656.7,215483.8,66.7,38736.3,56.58,30317.8,42.54,21.0,52.64,26.36,Energy Optimization
chemical,natural_gas,626965.4,1115734.1,31744.0,0.0277,1562493.3,339412.1,79.95,25724.2,56.88,30858.4,36.42,37.47,41.12,21.41,Process Changes
chemical,waste,927863.1,361732.6,62034.6,0.1464,276538.8,561944.1,82.48,96137.8,40.2,19657.9,28.19,20.45,32.52,47.03,Recycling Loops
metal_engineering,raw_materials,3139723.7,301854.7,87570.6,0.2249,167951.1,1045995.0,91.03,29948.6,68.51,48271.1,41.67,12.51,15.55,71.94,Alternative Materials
metal_engineering,waste,1149954.7,621816.9,78720.6,0.1124,90936.2,343843.4,80.26,102073.1,65.37,32452.9,32.84,16.49,29.09,54.42,Recycling Loops
chemical,coal,409732.2,1114326.3,121004.9,0.098,1459844.7,95369.4,57.67,35878.5,71.28,18964.6,51.77,61.69,30.42,7.89,Renewable Energy Substitution
chemical,waste,1918128.9,657503.9,55703.0,0.0781,443792.6,554310.2,61.56,66680.5,78.87,36835.7,34.59,22.67,21.4,55.93,Waste-to-Value
metal_engineering,waste,1607153.4,623447.4,92775.9,0.1295,234965.2,447490.5,72.29,90891.1,65.04,17740.7,42.49,17.04,26.0,56.96,Recycling Loops
metal_engineering,raw_materials,2233455.7,583472.0,132829.4,0.1854,209158.9,764036.4,91.84,46674.6,54.19,21198.9,44.77,20.57,18.03,61.4,Alternative Materials
chemical,raw_materials,1172169.8,576071.9,91365.9,0.1369,210656.6,340258.5,80.04,64028.8,86.18,37686.1,26.08,21.86,25.99,52.15,Material Reuse
food_processing,diesel,294880.9,498892.2,65637.9,0.1163,1335000.5,123686.4,71.8,27714.0,63.27,118647.7,49.0,42.39,21.4,36.21,Transportation Optimization
metal_engineering,raw_materials,1114604.2,544413.4,65269.0,0.1071,97170.7,391718.0,76.81,83795.5,92.24,61426.1,43.02,26.26,24.77,48.97,Material Reuse
chemical,raw_materials,1240451.4,407419.0,149627.1,0.2686,371018.3,605503.8,80.45,75733.9,62.18,29821.0,39.0,26.31,34.33,39.36,Recycled Materials
general,raw_materials,1643453.1,399170.7,30298.8,0.0705,387495.8,726060.7,81.33,33875.0,62.51,20669.5,35.31,28.36,23.62,48.02,Recycled Materials
food_processing,raw_materials,600170.4,222133.0,35850.5,0.139,52760.3,369540.4,72.28,107985.9,74.84,55749.7,32.16,15.13,31.78,53.09,Material Reuse
chemical,waste,1816518.2,282814.0,63137.1,0.1825,367696.8,657588.2,70.34,140481.3,91.16,43283.2,36.68,21.6,31.94,46.46,Waste-to-Value
general,raw_materials,552794.6,681134.5,30552.8,0.0429,216903.5,288868.8,82.77,55712.6,50.01,27920.9,31.79,18.15,33.99,47.86,Recycling Loops
general,waste,1078316.0,655521.0,89989.9,0.1207,96386.0,535476.4,72.63,98293.8,57.59,27295.3,29.78,19.18,27.38,53.44,Recycling Loops
metal_engineering,raw_materials,1067106.4,531144.1,92921.9,0.1489,356828.8,663134.6,86.88,21151.3,72.65,44812.4,53.49,13.19,17.05,69.76,Alternative Materials
general,natural_gas,560820.2,582201.6,106012.8,0.154,681939.1,199385.0,67.45,42646.9,45.98,30111.9,34.5,32.95,54.33,12.72,Energy Optimization
food_processing,electricity,344783.1,1428902.4,4336.7,0.003,200724.1,107939.2,65.15,24654.1,42.26,27009.4,51.94,27.81,64.37,7.82,Renewable Energy Substitution
textile,waste,843528.5,311969.6,72425.1,0.1884,217937.7,347906.7,61.68,230186.6,90.91,18648.5,31.63,29.62,30.22,40.16,Waste-to-Value
general,waste,1046663.9,479837.7,78674.0,0.1409,287022.9,422356.6,75.51,88978.0,65.89,32648.4,37.75,25.18,38.1,36.72,Recycling Loops
general,raw_materials,786845.9,459656.0,89530.7,0.163,87589.2,235905.1,70.45,124862.1,65.25,17203.2,44.62,25.98,34.16,39.86,Recycling Loops
chemical,coal,1374771.0,924759.0,47976.1,0.0493,1467199.9,461681.3,64.77,51230.9,63.08,27381.4,36.01,43.18,38.98,17.84,Process Changes
general,transport,644298.3,270598.9,35088.5,0.1148,848853.6,222708.1,55.87,34064.2,44.64,300060.1,43.14,44.45,13.47,42.08,Transportation Optimization
chemical,raw_materials,2198343.7,528026.2,44031.1,0.077,389354.6,997619.5,98.15,55793.1,67.94,56875.0,39.95,12.94,15.68,71.38,Alternative Materials
food_processing,waste,1088715.2,369131.2,105853.7,0.2229,295026.7,303420.5,75.59,127966.2,94.42,28599.0,48.16,16.43,25.94,57.63,Waste-to-Value
food_processing,coal,259615.4,1360832.4,20396.8,0.0148,1107248.2,57932.3,59.54,22022.1,56.74,29029.4,47.7,55.46,25.18,19.36,Renewable Energy Substitution
metal_engineering,raw_materials,839006.7,861768.4,39601.0,0.0439,429897.3,440049.0,79.77,26205.2,69.03,37592.1,33.12,22.37,33.91,43.72,Recycled Materials
textile,coal,542029.6,2279804.7,175811.2,0.0716,1835010.9,157079.5,59.71,36402.3,58.95,41714.8,41.12,52.95,33.96,13.09,Renewable Energy Substitution
metal_engineering,transport,802819.0,176318.8,42858.5,0.1955,886914.5,289127.9,74.2,34157.8,53.64,270830.2,55.84,52.08,13.64,34.28,Transportation Optimization
chemical,raw_materials,1180790.4,467216.6,173830.8,0.2712,157125.7,626889.2,76.22,40345.5,72.15,54957.8,33.1,23.68,21.24,55.08,Recycled Materials
textile,waste,1295468.6,469746.3,30742.5,0.0614,362190.5,482586.6,71.2,118761.1,86.56,25160.4,48.93,23.16,33.15,43.69,Waste-to-Value
textile,waste,1395929.5,464281.9,59044.9,0.1128,254187.8,459726.4,75.8,212131.6,85.4,39524.4,43.34,20.08,29.87,50.05,Waste-to-Value
chemical,raw_materials,563918.5,720251.2,98128.6,0.1199,154282.9,200424.4,78.93,128668.7,68.35,26505.2,45.88,21.15,32.87,45.98,Recycling Loops
chemical,transport,995193.1,307188.7,27866.7,0.0832,704817.6,315318.4,76.84,33419.3,58.54,102138.2,51.26,37.75,20.05,42.2,Transportation Optimization
general,raw_materials,1755025.0,658146.4,179933.7,0.2147,407779.6,508612.7,88.21,34389.0,60.91,27155.7,38.81,22.66,29.23,48.11,Recycled Materials
textile,electricity,467433.6,573231.5,143289.0,0.2,773848.7,193571.3,77.46,22193.8,46.02,38529.5,33.87,20.35,40.03,39.62,Energy Optimization
general,coal,270215.4,903686.2,11759.9,0.0128,1586535.4,78343.0,66.37,20709.5,59.27,34726.7,59.17,55.31,24.29,20.4,Renewable Energy Substitution
metal_engineering,raw_materials,1911828.3,410779.5,81316.1,0.1652,271983.0,790117.0,72.64,65420.9,75.94,30078.1,41.86,19.5,28.94,51.56,Recycled Materials
chemical,raw_materials,1492872.4,239991.2,87393.0,0.2669,102559.2,963690.4,92.17,47209.1,51.25,23391.7,53.76,11.08,16.07,72.85,Alternative Materials
food_processing,electricity,788424.8,724416.9,115315.4,0.1373,1369725.5,428855.9,84.89,20615.5,55.65,31241.1,35.77,39.45,39.18,21.37,Process Changes
food_processing,natural_gas,626230.8,798855.4,109999.0,0.121,1225439.2,166641.3,78.04,22788.7,59.05,53106.8,39.93,37.98,44.7,17.32,Process Changes
chemical,raw_materials,1116349.5,259759.8,60798.8,0.1897,188174.8,465266.1,86.39,63767.6,82.29,88774.2,41.13,15.05,21.4,63.55,Material Reuse
general,raw_materials,1207168.3,301361.0,56216.7,0.1572,111953.7,379832.3,86.69,38431.2,56.19,34570.8,49.08,20.36,15.59,64.05,Alternative Materials
chemical,natural_gas,475500.5,1459553.4,413303.8,0.2207,399541.6,126668.6,79.51,40426.3,67.88,25635.2,40.61,34.28,40.89,24.83,Energy Optimization
metal_engineering,waste,1388023.4,665269.2,76925.1,0.1036,364518.2,580351.5,73.14,102235.5,70.92,27392.9,32.89,26.3,28.3,45.4,Recycling Loops
metal_engineering,raw_materials,909308.7,793629.9,134137.9,0.1446,207196.2,297713.2,69.34,69962.1,46.17,30181.7,36.49,27.99,25.48,46.53,Recycling Loops
general,natural_gas,753765.2,1054455.2,272031.8,0.2051,695204.2,229643.8,62.17,48644.8,63.75,37091.1,33.38,23.22,43.19,33.59,Energy Optimization
metal_engineering,natural_gas,743635.2,467046.7,54107.3,0.1038,1306525.3,322546.2,71.15,33887.3,63.22,27406.6,43.79,38.48,26.28,35.24,Process Changes
textile,electricity,846134.9,551478.2,84186.4,0.1324,1448219.5,319735.3,82.89,42407.2,56.97,50015.6,31.61,36.79,38.04,25.17,Process Changes
food_processing,raw_materials,819276.9,429108.1,85559.7,0.1662,148021.7,272365.0,78.72,55566.0,70.67,79113.7,37.51,23.71,29.83,46.46,Material Reuse
food_processing,waste,1587262.3,286981.6,41624.7,0.1267,411392.8,504343.8,83.76,249762.5,83.55,23964.1,51.46,29.98,29.44,40.58,Waste-to-Value
chemical,raw_materials,1174250.0,442279.7,75349.1,0.1456,164920.8,454184.7,78.07,67963.1,71.68,62881.4,41.41,24.22,31.64,44.14,Material Reuse
metal_engineering,raw_materials,2468516.9,595774.2,79523.4,0.1178,142720.3,869711.9,71.32,41370.8,68.94,31214.0,35.29,26.75,21.84,51.41,Recycled Materials
chemical,waste,645836.1,415864.7,26198.7,0.0593,55408.7,185816.3,74.44,104989.5,85.94,83109.6,34.33,20.42,17.17,62.41,Material Reuse
metal_engineering,raw_materials,954306.4,618943.3,34898.9,0.0534,290238.5,515036.3,73.55,61102.5,89.13,39676.6,46.3,16.03,26.27,57.7,Recycled Materials
metal_engineering,raw_materials,1468589.6,735227.9,102048.0,0.1219,328184.0,752373.4,93.08,39700.7,55.86,48898.1,44.18,10.36,24.68,64.96,Alternative Materials
metal_engineering,raw_materials,1655819.1,467977.4,47342.7,0.0919,135683.3,542341.7,60.4,90202.9,53.28,27663.7,38.38,19.7,29.43,50.87,Recycling Loops
textile,raw_materials,2319579.9,674947.4,122650.4,0.1538,81922.1,744978.3,85.81,41981.2,63.25,55508.2,45.72,11.76,17.14,71.1,Alternative Materials
chemical,waste,2333681.9,598730.6,73091.9,0.1088,108971.3,662373.7,81.3,159609.0,80.27,18648.7,39.08,18.83,27.6,53.57,Waste-to-Value
chemical,transport,947322.1,390126.6,16451.0,0.0405,664847.5,259803.3,55.73,25813.3,56.57,224724.9,39.86,51.0,22.44,26.56,Transportation Optimization
textile,waste,1175062.3,592550.9,40103.5,0.0634,222406.0,649777.3,80.88,120411.3,68.81,17576.0,31.0,15.05,29.55,55.4,Recycling Loops
general,diesel,526429.1,461549.9,74278.0,0.1386,1551887.6,152842.3,74.52,16914.1,67.67,253089.9,52.42,37.13,18.74,44.13,Transportation Optimization
general,raw_materials,1190294.4,365917.9,162552.6,0.3076,237171.9,694515.6,70.56,62952.6,69.48,21950.9,44.2,18.61,25.8,55.59,Recycled Materials
chemical,waste,1036389.4,537214.2,91085.8,0.145,423510.7,556197.0,69.21,195475.4,75.93,26592.5,40.16,17.5,20.35,62.15,Waste-to-Value
metal_engineering,waste,645217.0,438110.7,63135.5,0.126,340644.4,319474.6,66.46,76376.6,91.03,94811.0,33.61,19.8,33.13,47.07,Material Reuse
general,waste,1201790.3,458915.4,39487.4,0.0792,379701.0,370188.4,74.41,111280.3,51.35,32904.1,28.98,19.37,27.17,53.46,Recycling Loops
chemical,transport,330216.2,294669.8,51286.9,0.1482,1456669.2,109042.4,58.72,25213.0,50.72,268255.8,48.94,40.86,12.19,46.95,Transportation Optimization
chemical,waste,1894818.6,697355.2,48610.9,0.0652,131958.1,575007.6,64.39,130660.2,75.65,19112.0,34.33,15.82,29.85,54.33,Waste-to-Value
metal_engineering,electricity,844774.5,692812.3,75610.5,0.0984,509410.2,483443.0,62.19,48384.0,60.12,41067.6,50.39,35.63,40.47,23.9,Process Changes
chemical,raw_materials,2113622.0,459195.7,120233.1,0.2075,218624.0,714375.7,86.7,30638.4,75.42,37811.2,39.39,28.59,31.96,39.45,Recycled Materials
metal_engineering,electricity,464053.9,1048332.0,129183.8,0.1097,639747.9,149758.1,70.72,38141.7,62.59,19786.4,41.82,33.57,52.78,13.65,Energy Optimization
metal_engineering,natural_gas,611220.8,846621.2,159204.4,0.1583,1414248.2,262816.9,73.69,23744.8,72.46,36170.5,38.66,41.06,34.21,24.73,Process Changes
chemical,waste,1313310.8,409355.7,85924.7,0.1735,130361.1,501938.6,78.85,49935.5,56.37,16771.8,39.16,18.97,32.91,48.12,Recycling Loops
chemical,coal,717723.8,2249071.4,252498.4,0.1009,1676959.9,180565.7,65.18,13363.3,64.84,44745.8,60.63,45.33,24.93,29.74,Renewable Energy Substitution
general,raw_materials,629021.2,525256.8,67074.5,0.1132,113228.9,232852.2,79.44,97245.5,80.39,50498.0,42.34,25.04,23.96,51.0,Material Reuse
chemical,raw_materials,3131775.8,732154.9,103955.4,0.1243,150067.4,1034352.2,97.06,53860.6,77.57,30089.6,54.61,16.91,27.63,55.46,Alternative Materials
food_processing,waste,1610927.8,700612.0,36979.8,0.0501,237535.6,625719.3,82.66,156210.6,88.66,36244.4,50.82,16.82,32.15,51.03,Waste-to-Value
metal_engineering,raw_materials,1067346.7,725199.6,66594.0,0.0841,346053.3,323557.5,73.65,59260.6,56.64,22954.4,31.87,29.5,27.4,43.1,Recycling Loops
chemical,electricity,950414.0,1138156.0,86424.8,0.0706,1056876.9,295251.4,66.43,53796.5,55.19,37126.0,38.88,48.0,42.25,9.75,Process Changes
metal_engineering,waste,723934.0,417151.3,86631.5,0.172,87526.7,195424.0,77.81,105978.4,80.37,54616.5,37.13,28.76,31.52,39.72,Material Reuse
metal_engineering,raw_materials,1529797.5,779202.3,51184.0,0.0616,111238.0,604008.1,68.75,89618.6,52.58,18145.1,38.97,22.88,28.04,49.08,Recycling Loops
textile,coal,975977.7,1809163.3,201506.6,0.1002,1250093.5,227807.2,65.89,18316.8,72.07,23577.7,54.1,51.58,28.26,20.16,Renewable Energy Substitution
general,waste,669494.9,470437.2,52400.1,0.1002,329463.3,181153.4,76.77,103889.1,92.6,44391.8,32.33,24.29,18.19,57.52,Material Reuse
food_processing,diesel,996228.7,389392.5,34174.5,0.0807,610793.2,290007.4,53.4,26482.3,67.77,312926.6,38.13,55.23,15.3,29.47,Transportation Optimization
chemical,raw_materials,1827809.9,563857.4,21195.6,0.0362,85515.0,897151.6,85.07,26432.3,66.46,47675.8,52.34,13.36,25.68,60.96,Alternative Materials
metal_engineering,raw_materials,1054543.3,491523.1,53381.0,0.098,149705.5,576561.0,96.24,41566.5,59.34,44413.4,53.76,14.09,21.2,64.71,Alternative Materials
textile,electricity,508854.5,1065727.9,185839.9,0.1485,826055.4,176721.3,66.04,17351.5,51.32,21924.9,37.21,32.03,47.17,20.8,Energy Optimization
general,natural_gas,796869.1,582149.3,123329.6,0.1748,513351.2,345457.6,76.11,61318.6,56.44,50607.6,43.15,53.54,32.97,13.49,Process Changes
metal_engineering,diesel,1199451.7,221779.7,44971.4,0.1686,1153323.8,343228.4,74.74,28981.7,50.96,106568.5,41.09,51.99,20.54,27.47,Transportation Optimization
textile,waste,754908.6,259079.0,93633.8,0.2655,392437.4,399570.8,71.2,221743.6,92.84,23644.5,38.1,25.18,28.45,46.37,Waste-to-Value
food_processing,waste,617819.0,597137.4,35621.0,0.0563,297851.1,324345.9,70.79,180469.6,80.91,16565.6,30.26,15.33,20.13,64.54,Waste-to-Value
metal_engineering,transport,729239.3,387959.7,34235.0,0.0811,919574.8,272247.0,79.38,21328.3,68.13,300303.6,38.6,45.05,19.65,35.3,Transportation Optimization
general,raw_materials,738362.3,352634.9,67040.9,0.1597,215372.7,341083.9,86.96,31072.6,79.15,33253.9,48.6,12.94,24.16,62.9,Alternative Materials
metal_engineering,natural_gas,453376.6,1116812.4,159234.6,0.1248,680443.9,160384.4,62.25,32894.6,74.17,42340.6,38.21,52.77,34.06,13.17,Process Changes
textile,waste,1586876.9,600865.5,96851.5,0.1388,372986.8,438938.7,70.75,62095.3,96.31,33099.2,35.08,28.79,33.72,37.49,Waste-to-Value
chemical,diesel,491074.1,431529.4,31208.1,0.0674,650311.6,161236.7,56.02,11631.0,61.78,177394.2,54.99,41.3,16.8,41.9,Transportation Optimization
general,electricity,290027.1,1340167.2,69795.9,0.0495,115157.3,84525.5,54.86,20991.5,57.27,12204.2,66.5,28.83,66.23,4.94,Renewable Energy Substitution
chemical,raw_materials,1298122.9,456631.9,21874.6,0.0457,179052.8,456253.0,71.93,42091.7,88.96,71360.8,36.41,15.8,17.81,66.39,Material Reuse
general,raw_materials,1792286.6,590688.6,100720.7,0.1457,173331.2,1057302.8,91.6,59164.2,69.02,25050.6,52.88,14.88,25.29,59.83,Alternative Materials
metal_engineering,raw_materials,1048227.7,524728.9,149659.8,0.2219,246956.3,306561.2,82.25,71481.6,83.88,26129.3,45.46,18.31,23.27,58.42,Recycled Materials
food_processing,raw_materials,1171344.3,516033.3,69303.3,0.1184,63458.2,367891.4,72.11,62654.4,89.24,83656.1,33.01,29.21,23.13,47.66,Material Reuse
general,electricity,336105.1,1301530.9,54813.2,0.0404,62900.6,73818.9,56.76,35134.5,42.22,20454.5,40.28,27.39,63.61,9.0,Renewable Energy Substitution
general,electricity,559541.7,1071050.1,32260.8,0.0292,94737.6,181442.6,84.81,29563.3,61.23,24347.5,48.75,29.31,66.22,4.47,Renewable Energy Substitution
general,diesel,316305.6,401774.5,16300.3,0.039,1768083.1,166482.2,69.92,20868.8,41.79,198602.2,45.44,55.07,20.5,24.43,Transportation Optimization
food_processing,transport,389585.8,383996.9,35036.8,0.0836,851342.9,216414.7,68.2,26423.7,57.35,317252.8,49.97,58.29,11.77,29.94,Transportation Optimization
textile,raw_materials,856191.9,236167.6,95828.5,0.2886,127567.2,268024.4,74.25,38841.8,82.41,42399.1,33.02,20.26,30.46,49.28,Material Reuse
metal_engineering,transport,818535.8,258594.0,29394.1,0.1021,1068375.9,254795.2,65.2,28863.1,45.68,307688.8,40.91,42.51,20.28,37.21,Transportation Optimization
textile,waste,629197.0,437748.6,35521.1,0.0751,223366.4,286768.5,69.33,139329.3,81.91,34698.7,52.97,21.01,22.89,56.1,Waste-to-Value
food_processing,waste,493711.1,381153.3,95657.2,0.2006,253046.0,255555.4,69.33,57780.1,72.33,43632.1,27.09,21.34,30.91,47.75,Material Reuse
textile,raw_materials,1577963.3,296043.0,80002.5,0.2127,53266.1,522011.0,95.17,59672.4,52.98,36059.8,55.6,13.06,23.33,63.61,Alternative Materials
food_processing,coal,960547.2,1024618.6,84567.9,0.0762,1309659.4,355191.5,78.47,60828.0,72.63,41404.3,41.25,40.31,43.72,15.97,Process Changes
chemical,electricity,1340119.2,659662.9,57433.1,0.0801,657481.2,528031.7,84.67,22020.9,49.51,36941.0,34.1,42.28,27.58,30.14,Process Changes
general,raw_materials,2099401.2,740250.8,102303.2,0.1214,168660.4,614288.6,95.16,55884.4,76.61,51195.0,52.12,11.26,17.42,71.32,Alternative Materials
chemical,electricity,800498.0,1071261.8,129935.3,0.1082,837659.0,231047.8,64.41,28794.0,59.96,28093.7,34.37,22.66,53.81,23.53,Energy Optimization
food_processing,waste,736844.8,510711.0,99003.9,0.1624,219038.1,289353.1,74.62,186388.8,91.39,41459.6,39.28,16.13,34.38,49.49,Waste-to-Value
metal_engineering,transport,1233390.4,310556.7,53223.1,0.1463,1216849.3,349073.1,56.94,19434.8,63.76,211456.4,42.46,35.74,21.3,42.96,Transportation Optimization
general,waste,1103794.1,434261.7,20679.6,0.0455,278301.8,399555.0,73.42,38970.2,88.87,92310.5,29.8,19.85,18.68,61.47,Material Reuse
metal_engineering,natural_gas,791440.8,872777.0,140232.2,0.1384,765719.0,265539.4,68.73,30167.0,67.63,35166.5,37.63,25.24,47.15,27.61,Energy Optimization
general,waste,1469773.1,482423.2,59236.4,0.1094,127308.7,459724.4,78.27,51586.1,76.73,83188.0,25.88,29.88,17.61,52.51,Material Reuse
chemical,coal,358862.2,997995.7,52087.7,0.0496,1447248.7,127080.6,62.52,10030.0,68.15,41126.8,67.14,59.39,25.98,14.63,Renewable Energy Substitution
textile,waste,2451628.8,525147.8,50770.5,0.0882,315227.0,688593.9,62.78,100303.8,85.88,44058.4,49.3,28.47,25.01,46.52,Waste-to-Value
chemical,electricity,437017.1,1484511.4,95594.4,0.0605,119882.0,82613.2,66.87,23905.0,58.27,43348.2,56.91,25.14,48.84,26.02,Renewable Energy Substitution
food_processing,electricity,668884.8,530752.9,177055.8,0.2501,432955.5,258123.5,76.46,39804.7,48.28,38359.0,43.11,28.51,43.27,28.22,Energy Optimization
chemical,waste,1643716.2,419786.6,56846.2,0.1193,114715.7,499118.9,81.37,132499.1,92.02,33831.0,39.39,17.12,30.64,52.24,Waste-to-Value
chemical,diesel,634160.9,339801.5,58057.0,0.1459,934584.2,196539.1,60.06,27468.4,54.21,209067.2,47.39,54.22,11.36,34.42,Transportation Optimization
chemical,raw_materials,2263558.9,795249.4,156730.7,0.1646,199603.5,624856.6,71.48,30220.5,89.97,31432.4,46.96,27.1,32.87,40.03,Recycled Materials
textile,raw_materials,1357600.4,508538.5,67430.2,0.1171,278666.4,600947.9,72.4,114225.1,54.08,17559.9,27.35,15.77,30.7,53.53,Recycling Loops
metal_engineering,electricity,664442.4,2498739.1,176836.6,0.0661,220288.5,186481.2,79.58,10290.2,47.71,33293.7,65.06,27.13,57.4,15.47,Renewable Energy Substitution
chemical,raw_materials,723193.7,612777.6,176402.1,0.2235,150220.1,261016.0,86.94,69393.6,63.61,29295.4,32.35,19.4,31.6,49.0,Recycled Materials
chemical,raw_materials,1929734.8,215210.4,145144.3,0.4028,342593.0,926376.8,90.73,26931.8,54.69,30009.7,50.08,20.72,24.9,54.38,Alternative Materials
food_processing,coal,402499.3,2203444.5,103225.5,0.0448,516904.2,120469.3,67.46,38470.1,72.94,16330.6,45.18,48.27,30.78,20.95,Renewable Energy Substitution
chemical,raw_materials,2071066.5,730357.1,117310.5,0.1384,419121.9,811838.1,80.05,51131.0,71.58,53834.7,45.94,16.25,32.94,50.81,Recycled Materials
food_processing,diesel,455202.0,178214.0,64840.6,0.2668,1301905.3,125850.0,75.46,23675.5,67.65,300823.4,55.93,36.94,11.81,51.25,Transportation Optimization
chemical,natural_gas,388651.7,1065226.4,108102.8,0.0921,493951.0,85450.3,75.09,20097.6,66.73,37516.4,31.9,23.15,47.55,29.3,Energy Optimization
chemical,raw_materials,1196559.1,786674.3,125393.2,0.1375,255266.3,688184.7,75.72,43985.6,87.52,30167.7,41.4,28.35,30.62,41.03,Recycled Materials
textile,raw_materials,2499443.0,687679.7,143142.3,0.1723,395100.4,978040.4,90.27,23340.0,73.31,42336.2,47.33,23.6,16.67,59.73,Alternative Materials
chemical,waste,1056144.0,749891.6,94646.4,0.1121,160698.2,291672.8,68.51,82891.1,50.36,27873.2,29.64,29.67,26.62,43.71,Recycling Loops
food_processing,waste,575289.0,289341.8,65484.4,0.1846,431045.5,308864.5,66.42,79168.9,88.93,35396.2,46.07,27.92,27.3,44.78,Waste-to-Value
food_processing,electricity,521481.9,1148117.9,375517.4,0.2465,675012.3,149170.2,67.77,30238.9,46.84,32445.5,36.4,31.77,42.26,25.97,Energy Optimization
textile,waste,607318.3,418590.5,27308.3,0.0612,276994.0,353852.3,69.29,49117.4,74.61,38420.1,36.76,27.61,15.35,57.04,Material Reuse
general,electricity,320018.8,1797246.3,154693.7,0.0793,142187.6,93082.1,68.82,34995.7,51.32,18836.4,47.81,33.73,55.78,10.49,Renewable Energy Substitution
chemical,transport,977654.2,200767.7,47204.9,0.1904,1743389.7,287504.0,71.52,20780.9,40.6,238610.0,48.43,37.76,16.93,45.31,Transportation Optimization
metal_engineering,raw_materials,1548350.1,483122.6,103635.3,0.1766,149163.5,465892.4,82.83,111802.2,72.25,39462.6,26.23,24.34,31.19,44.47,Recycling Loops
chemical,diesel,1223513.5,464412.7,35631.3,0.0713,1755087.5,343718.6,75.12,10379.3,68.63,268960.8,51.97,37.04,13.49,49.47,Transportation Optimization
general,raw_materials,611578.0,548387.0,47386.7,0.0795,280931.7,346474.5,85.31,74585.9,82.94,69672.6,39.99,29.47,16.47,54.06,Material Reuse
chemical,electricity,349357.4,1761929.2,164148.5,0.0852,246974.1,56857.0,81.72,37553.6,59.65,26872.9,41.26,24.05,57.28,18.67,Renewable Energy Substitution
food_processing,electricity,772874.5,601611.8,87172.1,0.1266,1355406.8,347099.6,82.23,35588.0,56.08,55549.4,40.22,45.32,31.66,23.02,Process Changes
general,natural_gas,400903.8,877391.1,48411.0,0.0523,1559426.1,199150.2,66.37,56613.3,63.56,53526.0,41.35,42.54,43.44,14.02,Process Changes
textile,electricity,781672.7,1291085.7,243665.9,0.1588,1158724.3,267160.8,65.89,15263.9,52.42,24845.9,43.13,39.34,36.41,24.25,Energy Optimization
textile,electricity,478567.8,756968.9,133817.1,0.1502,838216.5,117799.6,62.08,38760.2,64.48,32532.5,34.19,28.64,42.77,28.59,Energy Optimization
metal_engineering,coal,616437.4,2020559.3,226358.2,0.1007,813606.9,248913.1,77.07,31797.1,52.64,29102.2,58.31,57.41,29.1,13.49,Renewable Energy Substitution
metal_engineering,electricity,1465233.9,673047.4,174992.2,0.2063,1153575.3,470462.2,66.61,29452.4,68.52,47434.9,44.98,46.05,36.27,17.68,Process Changes
general,diesel,257324.0,332377.9,79383.5,0.1928,1211074.6,134755.6,64.11,14558.2,57.91,249420.4,44.18,37.44,17.03,45.53,Transportation Optimization
metal_engineering,waste,468929.6,310545.1,114974.8,0.2702,134702.4,219757.1,76.34,109654.3,68.48,27337.7,30.52,26.06,35.5,38.44,Recycling Loops
general,coal,548320.0,1646071.0,27445.8,0.0164,1872036.4,235744.8,73.92,10528.9,58.8,32022.7,67.85,63.6,31.5,4.9,Renewable Energy Substitution
textile,raw_materials,1687830.3,617370.9,20418.4,0.032,266856.3,619943.7,96.12,23719.6,67.65,39238.9,52.13,10.97,23.7,65.33,Alternative Materials
textile,waste,847982.5,749280.1,66142.2,0.0811,346038.0,291331.5,75.25,197960.2,82.23,39866.9,45.09,20.84,28.36,50.8,Waste-to-Value
textile,coal,1335275.3,563932.8,164207.1,0.2255,1521467.0,540357.3,83.48,32235.0,60.29,27018.2,47.74,50.35,40.1,9.55,Process Changes
metal_engineering,raw_materials,1329607.6,330654.5,93135.8,0.2198,356169.2,416622.2,61.96,90448.5,51.62,18873.5,44.68,22.82,39.0,38.18,Recycling Loops
metal_engineering,electricity,340685.8,781738.3,14032.8,0.0176,146092.4,76208.4,80.47,10694.4,51.05,16464.3,66.08,25.68,69.51,4.81,Renewable Energy Substitution
general,waste,599109.4,527019.7,114067.0,0.1779,266417.2,231953.1,82.3,42770.5,66.19,33969.9,46.97,15.81,33.95,50.24,Recycling Loops
chemical,waste,1707737.9,451785.2,91727.6,0.1688,294973.1,626478.1,67.88,159497.8,86.16,25617.2,52.29,17.49,22.24,60.27,Waste-to-Value
metal_engineering,raw_materials,3354407.2,586342.6,88939.3,0.1317,64682.9,1171639.9,96.18,31712.9,79.4,44075.3,50.81,21.22,27.18,51.6,Alternative Materials
general,diesel,788429.5,361069.0,44453.2,0.1096,867087.7,321517.6,77.12,15882.7,45.26,250131.0,57.4,53.75,14.27,31.98,Transportation Optimization
general,electricity,937214.0,2480856.4,181789.8,0.0683,203224.6,200885.4,58.12,15013.7,66.59,22071.7,43.78,17.87,55.76,26.37,Renewable Energy Substitution
chemical,waste,829001.3,278392.1,95501.3,0.2554,342946.9,281690.8,86.24,75861.9,76.74,77143.9,38.18,29.84,20.3,49.86,Material Reuse
metal_engineering,natural_gas,759035.0,786362.7,74729.6,0.0868,1429618.0,390861.7,71.35,38357.1,59.92,21617.6,49.64,54.97,28.63,16.4,Process Changes
chemical,electricity,417809.4,799736.2,142012.0,0.1508,1118933.5,183321.0,64.64,29869.8,52.74,42616.1,41.09,39.06,26.35,34.59,Process Changes
metal_engineering,electricity,849873.5,1660524.3,21015.4,0.0125,249274.8,240613.6,52.1,21740.5,57.06,15126.5,64.3,17.1,68.49,14.41,Renewable Energy Substitution
textile,raw_materials,802698.6,718614.9,81517.3,0.1019,388867.7,466973.0,97.16,51063.9,73.13,53791.3,54.74,19.39,16.97,63.64,Alternative Materials
chemical,electricity,524654.0,1232367.9,336875.7,0.2147,1013115.9,136473.7,68.89,38069.0,55.99,39406.4,38.78,22.29,50.62,27.09,Energy Optimization
metal_engineering,electricity,443111.2,998624.5,251776.0,0.2014,1107996.7,168319.2,67.7,15124.2,60.34,16042.0,36.57,36.08,46.0,17.92,Energy Optimization
metal_engineering,waste,840726.7,434311.3,66941.4,0.1335,183718.9,442641.5,71.09,68647.4,83.44,74817.5,40.68,20.92,27.92,51.16,Material Reuse
textile,coal,587604.9,1928647.0,227775.5,0.1056,1858376.9,224333.8,60.58,32523.6,69.79,33741.4,47.02,64.08,24.02,11.9,Renewable Energy Substitution
general,coal,657358.5,845512.5,148058.5,0.149,845746.4,183867.9,71.61,53665.0,51.65,28797.0,50.84,49.67,41.15,9.18,Process Changes
metal_engineering,raw_materials,1879938.2,519570.4,51521.2,0.0902,144235.1,639555.7,85.28,32883.2,56.34,33099.9,40.63,23.36,23.9,52.74,Alternative Materials
textile,raw_materials,3606820.8,359027.9,22722.8,0.0595,78760.1,1171074.0,89.14,50768.9,68.74,35277.6,42.53,11.82,24.23,63.95,Alternative Materials
general,raw_materials,815672.6,526417.9,92027.5,0.1488,115924.6,428092.3,91.02,77449.8,70.57,21508.5,35.58,20.88,34.22,44.9,Recycled Materials
food_processing,diesel,528535.2,384010.8,42690.3,0.1,1785665.4,145969.7,64.28,26176.6,41.67,254909.7,34.6,38.51,12.4,49.09,Transportation Optimization
general,raw_materials,2724208.6,477605.4,147528.4,0.236,219192.6,1077192.8,93.24,35013.2,58.57,28128.9,54.76,15.8,22.67,61.53,Alternative Materials
chemical,transport,500705.7,253715.6,23929.0,0.0862,1160830.5,146780.5,63.89,15525.1,62.16,96340.7,46.42,39.24,10.01,50.75,Transportation Optimization
textile,coal,849781.2,926222.7,117168.4,0.1123,1082889.1,487376.2,65.87,39911.2,49.66,43837.7,35.51,41.68,34.43,23.89,Process Changes
food_processing,diesel,662143.1,455885.0,25096.4,0.0522,1587426.6,176440.2,62.82,32536.1,53.64,135324.6,36.16,46.82,21.44,31.74,Transportation Optimization
general,raw_materials,1247079.6,513639.7,75580.3,0.1283,58896.7,397102.3,85.44,45456.4,59.43,40342.8,57.97,13.74,21.16,65.1,Alternative Materials
food_processing,waste,1147568.3,526700.0,59417.8,0.1014,227767.9,639708.7,60.98,247716.7,90.28,35434.1,30.95,24.08,27.27,48.65,Waste-to-Value
chemical,transport,994622.6,386600.5,60226.1,0.1348,1474758.5,295428.9,52.83,27382.6,61.74,318500.4,50.03,52.17,17.72,30.11,Transportation Optimization
chemical,waste,1461040.4,530135.0,33044.2,0.0587,416311.0,653558.7,77.46,235975.9,93.66,39856.2,44.24,19.59,23.27,57.14,Waste-to-Value
chemical,raw_materials,736582.2,377885.1,66123.6,0.1489,345002.2,234560.4,80.67,88698.9,85.18,40314.7,38.54,15.96,26.92,57.12,Material Reuse
metal_engineering,raw_materials,1343581.8,559211.4,177055.3,0.2405,127001.0,587155.6,73.95,78387.2,63.4,34126.0,46.76,25.57,26.34,48.09,Recycled Materials
chemical,coal,814115.1,411702.8,161898.2,0.2822,670029.4,494589.9,68.23,36566.0,46.17,33075.2,49.54,35.51,33.13,31.36,Process Changes
food_processing,waste,1075217.5,528882.4,86876.9,0.1411,153926.5,523267.5,64.57,202599.6,82.8,36296.9,31.2,21.12,30.58,48.3,Waste-to-Value
textile,electricity,714746.8,2381018.1,105081.4,0.0423,221504.2,170523.3,68.38,36712.5,40.11,19873.9,55.07,14.46,72.24,13.3,Renewable Energy Substitution
general,raw_materials,1006389.5,364823.1,135407.6,0.2707,109123.8,303966.3,61.16,103460.2,69.76,25851.8,46.43,23.85,34.45,41.7,Recycling Loops
textile,coal,719003.8,2447436.7,210438.6,0.0792,1524081.8,161800.6,54.41,15677.1,50.13,41155.5,44.84,63.46,25.46,11.08,Renewable Energy Substitution
general,transport,795810.6,223206.9,35272.7,0.1365,739689.2,237069.7,79.53,22865.3,62.26,247075.7,54.1,40.39,21.31,38.3,Transportation Optimization
chemical,raw_materials,1095312.4,466966.2,21021.2,0.0431,311465.6,306358.8,72.89,45368.4,80.99,64779.4,33.07,25.18,23.42,51.4,Material Reuse
metal_engineering,raw_materials,1236342.8,505638.6,50186.4,0.0903,137767.6,790486.9,90.2,60738.3,63.1,34071.0,46.58,26.7,21.77,51.53,Recycled Materials
textile,coal,395595.5,2367955.5,152314.0,0.0604,1272408.0,58403.7,52.43,10222.6,71.96,24293.5,53.12,61.91,27.18,10.91,Renewable Energy Substitution
general,raw_materials,1958168.0,461312.1,85267.3,0.156,458138.4,683201.0,87.32,49989.0,78.91,28693.4,46.11,21.41,26.64,51.95,Recycled Materials
chemical,electricity,397484.3,1940941.1,139340.8,0.067,63244.7,65677.7,50.73,21125.0,66.1,16046.4,56.96,17.22,68.91,13.87,Renewable Energy Substitution
general,coal,589240.2,526357.1,165624.6,0.2393,753698.1,266560.9,81.27,40631.0,45.72,39783.5,31.86,53.91,36.23,9.86,Process Changes
food_processing,electricity,690621.3,523052.8,179067.1,0.255,1028893.4,245253.8,75.21,28617.1,63.79,28537.0,43.28,23.54,40.85,35.61,Energy Optimization
chemical,raw_materials,1794331.4,773900.8,115876.1,0.1302,173638.0,566882.0,89.9,50986.1,69.84,27407.8,41.83,11.48,24.9,63.62,Alternative Materials
chemical,raw_materials,737372.5,447314.0,82517.0,0.1557,260983.2,442060.4,66.29,91064.0,91.27,52168.1,37.81,19.71,34.16,46.13,Material Reuse
chemical,waste,1097652.1,575020.1,62390.1,0.0979,234470.9,318848.3,67.15,92606.7,88.68,53702.2,31.12,27.57,16.45,55.98,Material Reuse
food_processing,diesel,764261.8,231934.3,78373.3,0.2526,1397756.4,235728.1,54.73,23330.5,44.94,188783.1,42.63,53.0,12.89,34.11,Transportation Optimization
metal_engineering,diesel,386582.4,347132.3,58491.2,0.1442,993062.1,222816.1,56.93,34482.5,54.91,319097.7,44.73,40.49,17.61,41.9,Transportation Optimization
textile,raw_materials,1350993.9,413392.1,67711.5,0.1407,159808.5,432487.5,77.04,43756.1,73.23,67211.5,43.73,19.63,32.39,47.98,Material Reuse
general,diesel,1033724.8,443455.5,51237.4,0.1036,832115.5,304433.8,78.13,15296.7,47.68,124272.0,51.15,45.16,10.94,43.9,Transportation Optimization
chemical,waste,1560577.8,404965.0,110498.4,0.2144,340861.1,692987.2,79.18,238975.1,79.97,38144.5,30.51,25.06,27.04,47.9,Waste-to-Value
food_processing,raw_materials,724309.2,257550.5,20689.5,0.0744,55991.9,355310.6,75.47,73851.2,70.19,60361.2,39.36,21.64,29.64,48.72,Material Reuse
food_processing,diesel,651025.5,315369.8,78023.4,0.1983,1256794.5,237884.8,59.94,26438.9,46.89,114134.9,32.71,42.31,15.94,41.75,Transportation Optimization
chemical,electricity,1290297.4,938119.0,118303.8,0.112,745848.6,488883.8,72.3,57014.1,57.18,59387.4,46.95,54.32,35.29,10.39,Process Changes
general,raw_materials,2550165.1,207272.5,51356.2,0.1986,391555.8,1021383.4,98.43,39514.2,53.29,41918.4,48.0,22.67,16.47,60.86,Alternative Materials
textile,coal,742951.4,1615878.6,178760.6,0.0996,1789351.4,243750.7,72.77,30274.4,61.88,31798.7,44.12,55.87,22.72,21.41,Renewable Energy Substitution
metal_engineering,transport,874333.5,213875.8,69648.5,0.2457,1074229.5,369766.6,57.82,19830.5,55.15,295301.5,54.59,49.36,13.33,37.31,Transportation Optimization
metal_engineering,raw_materials,663823.0,626733.2,53982.0,0.0793,376498.7,358918.3,76.83,52684.0,83.89,45881.4,44.91,17.34,28.21,54.45,Recycled Materials
chemical,waste,1680659.7,258852.2,106868.5,0.2922,160997.5,510941.0,60.62,135906.2,97.68,18020.8,40.59,19.61,33.58,46.81,Waste-to-Value
chemical,transport,977099.8,412252.5,19743.9,0.0457,1391456.4,314804.1,69.62,29016.7,45.35,225033.8,56.47,50.27,19.17,30.56,Transportation Optimization
chemical,waste,719640.7,357910.1,59377.3,0.1423,314195.2,294518.9,77.36,38697.5,70.06,49688.0,38.61,16.82,17.28,65.9,Material Reuse
general,electricity,290334.7,724480.5,84846.3,0.1048,733344.3,117243.0,74.59,23314.8,53.56,34860.4,32.84,27.56,51.31,21.13,Energy Optimization
general,raw_materials,1127122.9,245001.3,78873.6,0.2435,132529.7,373687.7,72.84,109825.4,76.59,51747.8,43.61,15.37,28.93,55.7,Material Reuse
food_processing,electricity,389952.6,1171012.5,306127.6,0.2072,803461.9,90070.8,78.64,36977.8,69.85,33807.5,40.07,21.12,47.63,31.25,Energy Optimization
textile,raw_materials,2985212.3,741737.0,130794.3,0.1499,283731.6,833899.4,97.49,27413.2,52.37,29580.4,55.48,10.52,23.74,65.74,Alternative Materials
general,electricity,1409439.7,1032473.7,103516.7,0.0911,595246.1,386978.2,78.97,28582.3,62.05,52568.4,46.9,49.26,41.09,9.65,Process Changes
metal_engineering,electricity,747309.1,1163385.1,85715.1,0.0686,1412340.2,226316.9,80.18,49587.2,50.78,32100.2,32.9,42.66,29.07,28.27,Process Changes
food_processing,waste,809473.8,263408.1,58997.4,0.183,159236.3,373785.2,67.97,67273.7,76.87,88265.1,25.81,28.6,31.54,39.86,Material Reuse
metal_engineering,raw_materials,1823480.2,234668.3,110354.6,0.3198,394287.6,515262.1,86.99,24855.4,59.1,24041.8,53.23,10.93,22.64,66.43,Alternative Materials
metal_engineering,waste,527380.9,346143.9,35750.4,0.0936,161106.3,233411.1,62.59,113163.6,41.36,31473.6,32.0,28.07,32.27,39.66,Recycling Loops
general,electricity,1087514.9,845890.1,215285.9,0.2029,740632.2,292776.1,79.0,49434.4,66.66,46834.3,31.69,36.62,49.18,14.2,Energy Optimization
food_processing,waste,1080525.2,369744.4,46016.0,0.1107,445378.8,353003.1,63.19,163656.9,94.73,35341.8,37.4,23.42,30.72,45.86,Waste-to-Value
textile,raw_materials,1700939.2,546319.9,25686.1,0.0449,93051.2,802778.2,89.8,49166.9,69.57,53824.2,53.23,16.45,25.09,58.46,Alternative Materials
general,coal,676766.3,2496216.1,129102.3,0.0492,1589363.9,188679.4,57.16,11755.2,59.11,34510.7,67.95,52.17,32.93,14.9,Renewable Energy Substitution
metal_engineering,waste,1400081.8,601257.0,97052.5,0.139,109141.2,413263.9,64.84,58754.5,63.15,37781.4,34.88,18.12,34.73,47.15,Recycling Loops
chemical,raw_materials,1532066.4,488296.1,66225.1,0.1194,185965.1,526153.0,89.97,52888.3,65.64,22694.0,45.92,20.74,32.33,46.93,Recycled Materials
metal_engineering,raw_materials,1203345.4,351062.1,87839.6,0.2001,128414.0,387015.5,75.05,50800.9,68.06,23534.2,35.35,17.21,34.6,48.19,Recycled Materials
metal_engineering,diesel,458414.5,388744.1,66373.9,0.1458,1754856.4,144640.6,65.97,24188.4,67.67,234273.6,35.78,45.91,19.82,34.27,Transportation Optimization
metal_engineering,raw_materials,1235844.6,374307.6,40580.3,0.0978,463771.8,373583.7,88.07,54954.7,62.34,53440.7,36.94,27.89,22.53,49.58,Recycled Materials
metal_engineering,raw_materials,1968814.9,799648.2,26267.6,0.0318,392011.0,666217.2,97.19,51295.4,67.01,49538.0,57.33,16.06,19.91,64.03,Alternative Materials
textile,natural_gas,1150269.1,458707.2,90783.9,0.1652,543925.4,484086.9,65.24,34773.9,71.1,49850.6,34.82,36.44,39.31,24.25,Process Changes
textile,raw_materials,2681697.8,373546.9,137010.8,0.2684,90648.6,1160326.9,89.4,55536.1,68.09,53068.3,59.65,14.33,29.42,56.25,Alternative Materials
chemical,electricity,473609.3,955713.4,266152.5,0.2178,1013332.0,188702.1,77.14,34115.4,55.29,18773.8,34.69,34.68,53.43,11.89,Energy Optimization
metal_engineering,raw_materials,746525.5,397373.8,33137.2,0.077,370977.3,203700.4,78.4,53693.3,71.93,37319.9,40.39,25.08,25.08,49.84,Recycling Loops
metal_engineering,raw_materials,2497936.0,728596.0,99257.4,0.1199,468397.8,701487.0,86.04,72393.0,68.22,48247.5,35.9,20.18,25.03,54.79,Recycled Materials
textile,natural_gas,603476.5,819211.0,168806.1,0.1709,743180.4,268397.7,70.46,27686.1,51.19,29303.7,36.77,34.92,37.42,27.66,Energy Optimization
textile,electricity,456958.0,1614915.6,39475.6,0.0239,240797.5,98274.1,74.74,27354.1,74.52,44996.5,64.35,29.0,56.59,14.41,Renewable Energy Substitution
chemical,diesel,905583.6,183085.1,45739.8,0.1999,1157946.0,296037.5,64.13,13586.9,55.23,298561.6,36.15,52.24,18.91,28.85,Transportation Optimization
textile,electricity,906139.3,2206865.4,84215.7,0.0368,134710.7,200321.0,77.47,16889.3,74.05,12957.2,41.92,24.89,66.68,8.43,Renewable Energy Substitution
metal_engineering,transport,1132210.0,436430.6,50594.5,0.1039,1662746.2,313841.7,66.59,28863.4,41.15,96229.2,34.17,45.94,13.53,40.53,Transportation Optimization
chemical,natural_gas,1190581.6,1170380.8,154730.2,0.1168,1009907.4,444995.8,63.2,43044.7,53.37,26446.5,39.38,37.62,38.98,23.4,Process Changes
metal_engineering,coal,425811.4,1129795.0,100001.9,0.0813,1696130.0,99441.1,75.06,34363.1,52.55,15869.6,42.58,56.51,34.56,8.93,Renewable Energy Substitution
food_processing,natural_gas,612512.5,926966.4,301754.7,0.2456,885871.7,167638.2,61.67,25174.7,58.59,24647.2,31.76,30.55,38.4,31.05,Energy Optimization
chemical,raw_materials,1022289.7,873775.1,86501.5,0.0901,235696.3,290580.4,80.7,30995.7,67.46,31093.0,48.18,28.13,24.54,47.33,Recycled Materials
general,coal,662472.2,2108510.1,14555.5,0.0069,1217333.2,177574.6,74.04,11754.4,54.65,30434.3,41.85,47.7,28.27,24.03,Renewable Energy Substitution
metal_engineering,waste,607565.8,841290.7,32189.2,0.0369,303688.8,313810.3,61.01,76260.1,72.73,15294.1,38.93,22.52,38.1,39.38,Recycling Loops
chemical,coal,590002.9,1438959.3,20409.6,0.014,750099.9,139164.4,61.91,24029.7,55.02,32556.7,66.24,47.16,16.99,35.85,Renewable Energy Substitution
general,raw_materials,2761438.8,496288.4,70394.3,0.1242,271449.2,933471.4,85.06,26678.1,71.39,46655.4,59.25,21.42,29.26,49.32,Alternative Materials
general,waste,886518.6,302664.7,67438.8,0.1822,330798.3,387342.9,74.53,86715.1,78.6,51635.5,44.93,26.26,27.89,45.85,Material Reuse
textile,raw_materials,1108306.1,699465.6,47604.1,0.0637,113638.7,465064.1,89.26,40990.3,62.96,31649.2,51.46,12.09,19.38,68.53,Alternative Materials
textile,raw_materials,2122851.6,645623.9,75314.1,0.1045,171077.2,633934.9,98.83,21604.4,76.01,43147.0,47.65,20.88,22.3,56.82,Alternative Materials
textile,waste,885506.4,393918.2,54952.1,0.1224,264160.3,390547.5,72.87,55361.0,63.2,36313.5,31.67,22.37,39.63,38.0,Recycling Loops
metal_engineering,transport,408880.2,405407.4,68309.4,0.1442,1684476.0,129529.0,53.14,29910.0,47.57,103464.5,42.43,55.5,11.9,32.6,Transportation Optimization
chemical,waste,931588.8,286381.2,34383.1,0.1072,245570.8,352690.7,83.14,131384.1,92.43,30907.4,47.6,18.9,34.13,46.97,Waste-to-Value
food_processing,coal,427154.6,1401149.7,87182.6,0.0586,986937.1,174537.6,53.25,28633.7,49.64,10617.2,55.48,56.57,23.53,19.9,Renewable Energy Substitution
chemical,electricity,647876.3,2340105.3,142577.3,0.0574,151743.0,167765.0,56.75,13976.5,54.19,17952.7,46.84,32.31,60.92,6.77,Renewable Energy Substitution
general,diesel,430089.3,274789.8,76136.4,0.217,888537.8,128500.8,52.08,22615.4,59.25,165277.5,49.95,36.53,22.86,40.61,Transportation Optimization
general,electricity,627207.6,1161582.0,163451.5,0.1234,960891.1,239942.7,68.5,47367.5,49.17,24356.8,29.07,35.91,47.44,16.65,Energy Optimization
textile,electricity,851221.8,1397614.0,153021.2,0.0987,1157489.3,226207.5,78.83,21988.1,46.02,32087.3,35.66,26.63,54.15,19.22,Energy Optimization
chemical,electricity,348833.9,875451.1,164841.6,0.1585,1044279.2,82103.6,75.96,35000.7,69.65,35630.5,28.94,21.01,52.66,26.33,Energy Optimization
metal_engineering,coal,1684677.2,842167.7,91115.3,0.0976,929042.1,473901.5,70.19,21190.5,46.74,54249.8,51.13,48.77,32.29,18.94,Process Changes
chemical,diesel,790633.8,331053.8,73243.7,0.1812,1015799.7,358252.5,51.62,34552.3,67.36,173536.7,52.14,52.58,22.98,24.44,Transportation Optimization
chemical,raw_materials,1141203.5,323617.1,33277.0,0.0932,409794.2,337381.7,80.29,58324.3,72.85,20948.7,47.67,15.16,31.43,53.41,Recycled Materials
chemical,electricity,274870.8,1092678.1,207172.4,0.1594,318595.7,101319.9,65.81,38089.7,47.46,34623.0,30.04,24.23,38.44,37.33,Energy Optimization
food_processing,electricity,1330640.0,514862.0,129154.1,0.2005,1227584.9,489169.7,78.8,40236.0,63.39,47531.4,41.28,44.51,37.9,17.59,Process Changes
general,electricity,523569.9,2183387.4,58881.1,0.0263,134032.6,94745.1,65.83,36551.9,52.08,23106.3,64.09,22.88,61.06,16.06,Renewable Energy Substitution
general,natural_gas,713547.3,891537.0,34200.8,0.0369,1524967.4,359194.9,61.08,35412.5,47.31,35717.8,44.74,44.4,32.67,22.93,Process Changes
metal_engineering,diesel,367851.0,303348.1,23541.3,0.072,1785239.0,199911.5,67.56,29484.8,67.62,263776.0,49.54,46.65,19.08,34.27,Transportation Optimization
textile,coal,446547.4,2223174.0,121339.9,0.0518,1662714.1,88607.7,69.68,12238.6,52.18,17905.2,60.13,54.8,30.02,15.18,Renewable Energy Substitution
metal_engineering,coal,384361.2,2466240.3,83384.3,0.0327,1162098.6,62595.6,80.57,27057.2,53.48,13947.0,66.51,55.6,20.66,23.74,Renewable Energy Substitution
general,electricity,432002.9,1303567.6,200571.2,0.1333,774636.0,132950.7,75.19,34751.9,66.4,46309.5,39.03,34.51,45.98,19.51,Energy Optimization
general,raw_materials,302760.5,467739.3,86525.9,0.1561,95093.2,163507.0,85.21,58620.0,73.22,63107.7,36.97,15.46,20.5,64.04,Material Reuse
general,transport,955422.9,410598.5,42237.0,0.0933,1183186.2,340750.6,58.89,12420.3,55.61,211622.8,52.73,59.21,10.83,29.96,Transportation Optimization
food_processing,coal,566270.5,595951.2,45021.5,0.0702,1388248.6,204095.9,74.88,35423.3,51.78,45578.7,40.05,43.0,36.86,20.14,Process Changes
food_processing,electricity,378688.8,1687702.3,120488.7,0.0666,101882.5,91666.6,59.67,31351.6,61.22,39601.7,48.28,31.21,64.04,4.75,Renewable Energy Substitution
general,coal,768028.0,2026161.4,84881.0,0.0402,1916596.5,191852.4,64.76,22793.9,72.15,30174.2,59.78,53.34,19.47,27.19,Renewable Energy Substitution
metal_engineering,raw_materials,1309186.2,455802.5,175458.5,0.2779,272493.5,475887.2,71.11,27902.1,80.76,36027.5,36.53,24.21,23.79,52.0,Recycled Materials
general,raw_materials,1143234.9,336419.1,84264.4,0.2003,319189.5,331376.4,75.48,37311.8,91.98,35780.6,43.9,22.34,21.84,55.82,Material Reuse
chemical,natural_gas,370737.9,1240518.4,382236.1,0.2355,975710.7,111650.5,72.44,17811.3,62.37,28364.4,30.25,37.24,47.28,15.48,Energy Optimization
metal_engineering,electricity,326907.6,626621.1,120585.8,0.1614,964701.3,144661.7,71.49,29544.6,47.94,26560.0,40.32,32.24,37.4,30.36,Energy Optimization
textile,waste,1655041.0,803768.7,61672.8,0.0713,139368.3,493255.9,77.82,101922.7,51.18,21305.1,47.03,28.85,31.86,39.29,Recycling Loops
metal_engineering,electricity,311562.7,874337.1,272939.3,0.2379,446624.5,139594.9,60.87,27754.9,54.5,43184.5,39.1,28.73,48.04,23.23,Energy Optimization
general,coal,705735.9,1153457.0,128333.7,0.1001,754580.3,250697.8,71.66,60402.4,49.49,53038.9,36.41,48.93,41.51,9.56,Process Changes
textile,waste,1259906.8,640872.9,58757.3,0.084,300994.6,616528.5,77.2,64021.1,82.74,19334.3,35.82,28.58,20.55,50.87,Waste-to-Value
metal_engineering,raw_materials,1025908.0,341938.3,69014.7,0.1679,225612.6,341665.6,79.73,54458.7,72.12,42156.3,29.49,22.5,31.81,45.69,Material Reuse
food_processing,raw_materials,1453529.8,413821.8,74010.4,0.1517,175234.5,405737.7,77.0,40563.2,74.8,85399.9,39.5,28.42,17.35,54.23,Material Reuse
food_processing,coal,1490756.4,558214.1,152901.9,0.215,1502193.6,475234.8,67.63,46398.9,72.44,32826.6,48.04,35.19,25.07,39.74,Process Changes
food_processing,electricity,834328.4,1040768.2,286200.7,0.2157,1045297.7,254139.0,77.65,48853.9,55.98,48261.7,40.3,21.41,48.64,29.95,Energy Optimization
metal_engineering,electricity,495104.9,568780.7,108360.7,0.16,1141844.0,269769.6,65.71,20497.1,56.23,27454.1,39.6,39.33,42.26,18.41,Energy Optimization
metal_engineering,electricity,1439879.8,835657.7,60785.1,0.0678,1264862.3,446442.8,66.48,35484.5,74.71,34970.6,46.74,44.05,40.87,15.08,Process Changes
food_processing,diesel,778495.9,431709.9,73004.5,0.1446,661760.0,258146.4,53.22,15018.6,67.01,204262.0,51.72,36.61,16.25,47.14,Transportation Optimization
chemical,electricity,1162537.0,684075.8,104349.2,0.1324,1457361.9,460344.6,62.1,60063.9,59.15,49754.5,33.08,48.41,29.73,21.86,Process Changes
food_processing,electricity,602718.2,567675.2,109038.5,0.1611,1096422.1,246152.0,66.46,47836.4,46.92,48643.2,32.18,20.18,43.68,36.14,Energy Optimization
textile,electricity,913271.1,521641.8,154522.2,0.2285,367317.0,297475.4,73.5,41370.7,51.15,38585.3,28.73,36.76,38.39,24.85,Energy Optimization
chemical,electricity,629583.4,1456400.8,242660.7,0.1428,540883.3,275569.5,75.44,47429.1,46.58,36971.5,30.46,30.08,38.11,31.81,Energy Optimization
metal_engineering,coal,516943.6,2091120.9,220120.6,0.0952,1121450.6,150425.6,68.27,15822.8,64.13,41604.2,44.58,46.73,29.76,23.51,Renewable Energy Substitution
general,natural_gas,620337.0,1190506.6,132717.7,0.1003,604870.0,170588.2,61.94,23256.5,46.29,49868.5,40.52,21.75,35.4,42.85,Energy Optimization
chemical,transport,320631.3,384431.8,31535.3,0.0758,1502267.7,145934.1,61.87,26400.2,64.85,272052.1,50.76,43.98,11.83,44.19,Transportation Optimization
chemical,transport,573626.1,153460.8,67324.3,0.3049,1220897.0,305563.2,77.44,23529.3,55.1,156852.3,39.94,54.91,16.74,28.35,Transportation Optimization
textile,electricity,221391.1,743726.9,73582.1,0.09,279062.2,91534.9,68.88,18338.7,57.28,25282.1,47.53,27.51,48.79,23.7,Renewable Energy Substitution
chemical,transport,384094.1,269258.8,18087.1,0.0629,1638690.1,150938.5,77.92,21964.9,50.21,260604.7,54.8,44.27,16.11,39.62,Transportation Optimization
chemical,waste,1434861.5,402703.1,68054.4,0.1446,191350.0,411077.2,68.35,49662.5,45.1,15835.9,36.35,29.32,26.74,43.94,Recycling Loops
food_processing,waste,778829.7,441502.1,33114.5,0.0698,270786.1,255431.0,75.66,79957.3,74.28,79498.3,31.05,24.94,18.17,56.89,Material Reuse
food_processing,waste,482048.0,486891.7,86607.3,0.151,109892.6,207455.1,63.24,107816.2,84.88,29623.2,33.45,25.1,28.94,45.96,Waste-to-Value
general,diesel,826385.0,472236.3,25478.8,0.0512,964708.4,358106.0,55.96,10086.7,66.12,165083.4,42.78,46.16,22.72,31.12,Transportation Optimization
general,raw_materials,984473.7,298539.3,25060.3,0.0774,89512.9,450560.7,79.58,53990.1,83.88,66654.8,38.11,18.5,32.29,49.21,Material Reuse
general,waste,1207823.5,567515.4,62829.6,0.0997,284189.7,329668.5,65.9,105746.3,41.41,17369.2,26.15,17.29,26.03,56.68,Recycling Loops
food_processing,raw_materials,968900.5,446221.0,23164.6,0.0494,170911.6,377203.9,81.06,82860.5,78.01,40611.2,33.54,16.93,33.95,49.12,Material Reuse
textile,waste,1203147.5,715951.3,73708.7,0.0933,207015.8,429793.5,64.66,180905.4,86.5,18099.0,34.94,22.19,33.31,44.5,Waste-to-Value
food_processing,coal,630691.7,627133.9,66449.6,0.0958,773404.2,301482.5,80.45,61078.6,51.07,41718.0,44.01,45.44,33.68,20.88,Process Changes
metal_engineering,coal,499914.5,2439976.6,248491.0,0.0924,1819920.1,142002.4,71.83,21303.0,42.72,24037.4,56.63,50.74,31.96,17.3,Renewable Energy Substitution
food_processing,coal,1266551.1,522905.2,144660.0,0.2167,1296394.9,376007.1,71.71,59974.7,68.0,52477.7,47.89,47.85,34.16,17.99,Process Changes
metal_engineering,raw_materials,666490.1,586636.3,56177.2,0.0874,92835.7,286302.1,86.89,58979.1,91.7,87875.0,32.0,16.25,29.49,54.26,Material Reuse
chemical,waste,506726.0,478490.2,56185.9,0.1051,155383.7,283807.1,76.55,164581.8,77.81,18380.9,31.81,26.16,30.68,43.16,Waste-to-Value
textile,waste,365754.6,436997.4,58599.4,0.1182,236772.6,153516.4,69.48,71849.8,93.76,58016.5,33.49,25.72,27.08,47.2,Material Reuse
chemical,natural_gas,553835.6,637481.6,52861.0,0.0766,651892.0,202913.5,62.85,30823.0,54.2,58463.2,42.73,54.75,32.45,12.8,Process Changes
general,coal,339079.5,1153165.8,24633.8,0.0209,1661450.2,114336.8,78.16,15215.4,57.25,34081.3,58.26,57.02,33.5,9.48,Renewable Energy Substitution
metal_engineering,raw_materials,1232123.3,480810.3,109247.7,0.1851,286006.6,349768.3,78.87,98382.6,62.31,28835.7,26.25,25.45,30.64,43.91,Recycling Loops
food_processing,transport,1078534.8,198229.9,63254.5,0.2419,1655828.1,383245.3,51.76,28497.7,61.8,307835.2,38.58,53.55,10.82,35.63,Transportation Optimization
food_processing,natural_gas,661017.7,1048638.4,271082.7,0.2054,830185.2,281342.6,77.97,48984.4,61.69,49017.0,42.15,25.42,43.55,31.03,Energy Optimization
chemical,raw_materials,1279867.0,451873.4,53292.9,0.1055,99961.6,495161.9,83.88,56110.8,71.75,38397.5,27.41,23.71,33.58,42.71,Material Reuse
food_processing,coal,469820.4,1293363.7,11254.7,0.0086,1991083.9,224004.5,66.31,29991.3,63.49,16806.9,45.6,54.39,33.23,12.38,Renewable Energy Substitution
chemical,raw_materials,2637772.4,694808.6,65215.2,0.0858,287305.7,809158.8,88.74,55145.2,73.92,46338.1,56.71,23.01,25.63,51.36,Alternative Materials
chemical,waste,2058936.4,301416.4,30032.4,0.0906,399460.9,663632.4,62.26,81551.2,75.76,18135.2,35.24,29.55,30.02,40.43,Waste-to-Value
metal_engineering,waste,545398.0,534745.4,65785.2,0.1095,349762.2,250396.3,71.45,46981.2,74.1,52111.2,40.86,27.73,33.47,38.8,Material Reuse
general,natural_gas,407305.4,865554.9,147917.3,0.146,686172.4,193422.1,78.73,33732.1,73.54,48572.7,37.19,40.79,35.47,23.74,Process Changes
chemical,raw_materials,1254159.7,633695.8,98946.2,0.1351,284161.0,482924.6,73.84,128777.3,65.63,34423.7,45.19,18.23,26.26,55.51,Recycling Loops
textile,raw_materials,1156453.2,732400.5,71464.5,0.0889,112117.6,485200.6,82.0,119897.8,73.52,36692.6,26.05,20.7,37.28,42.02,Recycling Loops
textile,electricity,584050.8,1640037.9,10495.7,0.0064,228717.6,158658.7,79.01,18153.4,71.62,44954.3,65.74,28.36,66.82,4.82,Renewable Energy Substitution
chemical,electricity,376931.5,1351517.3,50969.0,0.0363,228027.2,82328.1,50.46,27885.9,72.98,31329.3,61.92,26.82,59.92,13.26,Renewable Energy Substitution
chemical,natural_gas,305272.9,784420.3,130850.5,0.143,1091324.1,115745.4,61.29,24421.5,60.17,19308.1,36.02,32.55,51.97,15.48,Energy Optimization
textile,waste,2167616.5,727549.3,43336.4,0.0562,408959.7,604736.6,84.2,150799.2,91.73,26121.3,34.61,21.65,22.49,55.86,Waste-to-Value
general,coal,564898.6,1150902.9,48854.2,0.0407,1609225.4,148847.2,51.0,28505.5,54.4,42264.2,53.99,59.18,19.38,21.44,Renewable Energy Substitution
chemical,waste,647149.5,363165.4,69515.1,0.1607,248703.8,344443.6,64.31,204823.9,97.77,38333.7,37.4,18.67,23.26,58.07,Waste-to-Value
general,raw_materials,2021309.5,745672.8,113878.6,0.1325,236685.3,1082972.2,86.83,51620.4,53.74,51768.4,44.07,23.16,29.16,47.68,Alternative Materials
general,raw_materials,862789.7,549087.4,93328.8,0.1453,414025.6,377213.2,88.05,60681.1,72.57,36031.0,37.13,26.28,27.69,46.03,Recycled Materials
chemical,raw_materials,1749998.3,843881.6,134397.6,0.1374,105047.8,620036.0,69.08,116023.8,54.64,26021.4,39.95,26.62,25.51,47.87,Recycling Loops
metal_engineering,raw_materials,2239804.2,681557.7,113551.8,0.1428,352954.9,637785.5,66.67,104448.4,53.8,31927.0,36.47,29.66,35.63,34.71,Recycling Loops
general,raw_materials,1050743.7,623037.0,178820.3,0.223,443012.2,313288.5,85.54,44006.9,60.21,34121.8,36.7,27.28,25.06,47.66,Recycled Materials
general,raw_materials,674859.3,813622.3,119076.7,0.1277,347910.1,241979.3,78.47,126392.5,63.75,29264.0,46.8,21.64,33.99,44.37,Recycling Loops
chemical,diesel,851287.5,298693.7,32507.2,0.0981,1634437.0,279048.5,67.75,25270.6,61.57,162005.6,32.88,55.26,11.93,32.81,Transportation Optimization
general,coal,386373.2,474287.6,148612.2,0.2386,583025.7,177440.4,73.43,27205.8,45.23,36924.5,33.02,38.21,26.54,35.25,Process Changes
textile,waste,881625.5,344173.4,72547.0,0.1741,377630.4,275076.8,76.49,121479.7,82.85,34857.5,41.67,27.18,22.34,50.48,Waste-to-Value
general,diesel,801820.5,441230.9,32050.3,0.0677,1661665.5,307443.8,69.99,19133.0,41.78,280916.8,36.44,44.31,19.01,36.68,Transportation Optimization
chemical,raw_materials,1442228.8,219664.3,22484.6,0.0929,216254.4,416711.5,77.36,98058.9,70.84,57005.1,29.74,21.71,16.45,61.84,Material Reuse
general,transport,1330488.7,425593.0,72005.8,0.1447,1497398.8,368630.5,52.29,33248.3,51.89,301971.3,33.97,52.88,21.04,26.08,Transportation Optimization
general,waste,991415.3,405030.5,41421.9,0.0928,186485.2,314774.7,81.25,105548.0,78.23,37532.0,34.93,23.17,18.37,58.46,Material Reuse
general,electricity,704968.2,1786309.9,147239.2,0.0761,148378.5,204779.7,84.1,18132.8,64.61,42496.4,59.22,27.03,51.71,21.26,Renewable Energy Substitution
chemical,waste,450689.3,592927.2,26698.5,0.0431,175681.5,234740.0,74.26,203730.8,77.54,40150.1,43.89,25.35,34.57,40.08,Waste-to-Value
textile,electricity,502255.0,2394765.2,274124.7,0.1027,270535.6,162733.6,72.64,36088.5,67.16,32053.3,67.5,25.51,69.79,4.7,Renewable Energy Substitution
metal_engineering,raw_materials,718796.5,810345.3,121121.6,0.13,183353.2,306764.5,66.57,85397.9,66.04,27580.5,27.49,25.85,37.09,37.06,Recycling Loops
chemical,waste,438615.0,672517.2,61854.1,0.0842,264703.9,229651.5,64.78,76666.5,72.79,24431.3,40.61,18.83,26.91,54.26,Recycling Loops
textile,raw_materials,1354295.1,667907.2,33907.5,0.0483,316359.8,787139.9,98.48,33674.9,68.98,57281.1,40.26,24.06,25.32,50.62,Alternative Materials
metal_engineering,waste,917703.8,624408.9,52067.8,0.077,171945.7,272853.0,66.23,60239.8,58.18,29067.2,46.79,17.93,34.63,47.44,Recycling Loops
chemical,coal,432616.5,2185994.3,18869.5,0.0086,794621.1,110005.3,71.94,30555.2,44.35,43033.2,49.55,59.26,25.48,15.26,Renewable Energy Substitution
food_processing,coal,498508.7,2143809.6,201714.0,0.086,532384.9,126703.0,52.41,33763.2,65.8,41569.6,46.62,54.13,18.69,27.18,Renewable Energy Substitution
metal_engineering,raw_materials,1284152.4,418012.9,65622.5,0.1357,219959.0,667816.8,83.22,63284.4,70.88,48839.9,36.08,22.04,32.01,45.95,Recycled Materials
food_processing,raw_materials,408273.5,236288.4,41015.6,0.1479,312429.8,195115.9,81.56,42587.4,85.58,56364.0,40.78,18.51,27.78,53.71,Material Reuse
food_processing,waste,768339.1,688424.0,75113.9,0.0984,216975.4,303944.2,80.01,178658.4,85.77,21524.5,38.36,29.4,27.8,42.8,Waste-to-Value
food_processing,waste,1161700.1,541434.7,29907.9,0.0523,217924.4,576599.9,67.36,205028.5,92.15,22374.8,48.22,26.22,25.96,47.82,Waste-to-Value
textile,waste,1503742.6,681202.2,106155.4,0.1348,107805.6,504752.6,69.2,138975.6,94.14,24295.2,53.58,17.69,29.94,52.37,Waste-to-Value
general,raw_materials,1090179.7,658158.7,124191.4,0.1587,115962.6,356482.0,81.91,58149.0,42.74,34703.0,44.38,17.44,37.82,44.74,Recycling Loops
textile,raw_materials,1073648.2,404362.5,29322.5,0.0676,193370.1,580095.7,94.48,44231.2,60.94,28715.7,59.74,16.81,25.32,57.87,Alternative Materials
textile,raw_materials,2657112.5,340227.2,90201.5,0.2096,358027.7,885789.6,92.46,32973.4,59.99,46779.5,59.87,19.93,23.37,56.7,Alternative Materials
textile,waste,1036622.4,380533.4,51477.2,0.1192,418276.1,524621.4,62.04,85721.9,78.58,33912.7,48.39,27.89,34.11,38.0,Waste-to-Value
metal_engineering,raw_materials,2427551.5,577639.2,110447.3,0.1605,209089.4,864802.3,93.18,56046.3,51.36,31238.5,58.91,23.35,21.83,54.82,Alternative Materials
food_processing,waste,1199028.2,284175.9,26196.3,0.0844,414378.2,490669.6,68.8,104193.0,89.19,30270.1,54.79,29.75,29.53,40.72,Waste-to-Value
general,raw_materials,1147542.6,388381.8,31176.2,0.0743,352368.7,540987.7,72.95,77686.4,75.89,28466.3,42.01,25.19,21.14,53.67,Recycled Materials
chemical,electricity,785055.4,1213891.5,125371.4,0.0936,584206.8,251565.4,73.42,40610.9,65.3,42413.3,39.6,28.79,54.67,16.54,Energy Optimization
food_processing,transport,353579.5,349101.3,31735.2,0.0833,1128335.0,184232.6,53.69,18046.5,65.56,177648.6,51.45,39.38,16.37,44.25,Transportation Optimization
metal_engineering,raw_materials,914983.1,555899.8,122313.1,0.1803,132630.0,307062.4,73.78,53494.3,66.42,29915.0,40.01,27.18,20.21,52.61,Recycled Materials
general,raw_materials,1964401.0,600215.7,133632.6,0.1821,378854.3,671615.3,76.06,33591.4,79.08,40975.6,35.59,25.58,26.83,47.59,Recycled Materials
metal_engineering,raw_materials,1329308.1,324898.4,78310.1,0.1942,323897.9,807657.7,84.67,48946.8,88.59,45173.6,50.6,22.91,23.88,53.21,Recycled Materials
metal_engineering,coal,742652.6,1747043.1,179518.4,0.0932,962533.2,214334.3,69.81,19015.9,50.33,22639.8,57.44,49.62,33.41,16.97,Renewable Energy Substitution
metal_engineering,raw_materials,2262278.5,506455.0,108081.6,0.1759,276266.0,821944.5,81.12,52926.7,64.15,54395.9,37.0,16.1,29.95,53.95,Recycled Materials
metal_engineering,waste,811957.4,304668.5,25359.3,0.0768,58457.4,235660.8,85.27,66193.5,88.01,90097.1,33.16,17.87,25.34,56.79,Material Reuse
metal_engineering,electricity,653952.3,1048539.0,311372.4,0.229,892521.4,193135.9,61.79,37495.7,48.88,29503.4,38.69,35.64,48.7,15.66,Energy Optimization
metal_engineering,electricity,994567.2,590983.0,167645.0,0.221,585920.7,320966.0,73.31,60441.2,74.93,50135.5,51.36,48.32,42.15,9.53,Process Changes
textile,waste,1753195.3,460268.8,34392.3,0.0695,114826.7,536972.2,73.43,144387.4,89.59,39830.4,40.69,24.62,34.3,41.08,Waste-to-Value
chemical,electricity,643937.7,1144430.5,220818.1,0.1617,856220.1,206597.0,67.88,25733.6,55.18,35086.9,35.28,25.27,50.22,24.51,Energy Optimization
food_processing,raw_materials,484374.6,463769.3,69976.1,0.1311,134762.3,282308.7,67.37,88926.7,82.6,77525.9,29.98,19.87,21.68,58.45,Material Reuse
food_processing,electricity,581791.7,879192.1,66231.4,0.0701,1039505.5,179647.7,60.87,41093.0,56.96,25475.2,45.13,54.86,32.91,12.23,Process Changes
chemical,natural_gas,423357.1,1379326.5,446879.2,0.2447,514820.0,123833.2,69.92,46509.7,53.06,37820.5,40.04,35.57,46.28,18.15,Energy Optimization
metal_engineering,raw_materials,812934.8,567917.0,27587.9,0.0463,213237.8,409178.3,82.41,80503.7,74.17,82845.2,39.4,16.29,24.28,59.43,Material Reuse
food_processing,transport,421836.8,241292.5,16491.6,0.064,769475.4,232034.8,58.46,29112.9,43.2,301017.0,55.28,55.6,20.32,24.08,Transportation Optimization
general,raw_materials,2994785.7,405249.0,126763.4,0.2383,88721.1,1061807.1,86.78,35891.5,73.92,25996.7,43.04,20.83,25.8,53.37,Alternative Materials
chemical,transport,778728.1,388447.5,79077.1,0.1691,1731108.3,313735.2,65.65,14038.1,51.53,224578.1,50.86,50.88,20.71,28.41,Transportation Optimization
textile,raw_materials,581458.8,224465.1,96816.1,0.3013,287147.5,314929.0,92.17,29059.8,69.36,26974.7,53.2,15.8,29.05,55.15,Alternative Materials
chemical,electricity,326148.1,485788.6,43886.4,0.0829,1283865.2,177832.7,72.41,41271.8,54.32,54816.2,33.75,42.05,40.48,17.47,Process Changes
chemical,waste,1285230.2,399532.2,59120.6,0.1289,351196.2,505652.8,64.46,131468.0,85.76,27581.7,34.46,28.87,31.43,39.7,Waste-to-Value
metal_engineering,waste,728533.4,239658.4,69836.3,0.2256,184062.3,422294.7,70.07,47342.5,80.16,90595.1,39.21,21.28,25.35,53.37,Material Reuse
metal_engineering,raw_materials,989341.0,701325.9,149798.4,0.176,473101.2,263089.6,73.38,73739.4,73.76,39760.7,45.26,25.19,33.98,40.83,Recycled Materials
chemical,raw_materials,2842400.9,713417.7,87787.9,0.1096,72274.3,1048236.2,93.39,24597.3,52.82,56385.1,52.72,22.44,28.18,49.38,Alternative Materials
chemical,raw_materials,783651.9,812955.1,96544.5,0.1062,291036.8,380807.2,82.72,97413.7,66.92,24214.1,47.12,27.28,37.77,34.95,Recycling Loops
general,raw_materials,2183650.9,531500.6,87622.1,0.1415,100006.6,997811.5,88.8,39867.8,58.53,25353.1,51.85,10.81,26.23,62.96,Alternative Materials
chemical,raw_materials,1422345.3,491662.9,49709.8,0.0918,287062.5,408922.6,72.38,78492.3,73.46,20368.4,37.37,26.04,33.35,40.61,Recycling Loops
chemical,waste,1595039.8,748073.4,36071.7,0.046,397340.3,449911.1,69.69,176483.7,76.29,30193.8,51.77,18.2,26.4,55.4,Waste-to-Value
general,waste,1390827.4,481848.1,39935.0,0.0765,260049.3,415568.3,62.61,95124.1,65.83,34182.0,45.92,21.14,39.3,39.56,Recycling Loops
general,raw_materials,999780.7,546714.3,94123.0,0.1469,232113.9,616750.7,88.71,36084.1,88.03,44118.1,48.47,23.34,31.69,44.97,Recycled Materials
food_processing,electricity,439773.6,1409687.9,118236.7,0.0774,71964.3,192508.2,84.05,26124.6,57.45,16556.2,57.75,24.76,64.56,10.68,Renewable Energy Substitution
chemical,raw_materials,857257.9,455903.6,105543.1,0.188,295750.3,299672.1,60.87,76832.5,50.12,35224.4,43.61,21.86,34.1,44.04,Recycling Loops
food_processing,coal,352494.2,883822.7,95449.3,0.0975,929168.0,101783.5,82.21,34165.8,44.94,36926.4,65.56,46.57,31.5,21.93,Renewable Energy Substitution
chemical,raw_materials,881374.9,426304.2,151353.5,0.262,158768.8,472719.3,89.02,33520.9,62.48,36958.8,38.05,23.45,32.06,44.49,Recycled Materials
chemical,coal,693697.1,2286906.9,90315.5,0.038,1110430.7,231255.0,76.49,39442.3,67.12,25698.0,54.87,63.01,26.03,10.96,Renewable Energy Substitution
chemical,waste,1357361.9,720629.5,80935.5,0.101,208917.4,424839.9,80.14,90707.1,81.74,35385.2,37.89,26.89,21.96,51.15,Waste-to-Value
metal_engineering,electricity,996347.9,1191638.5,101824.9,0.0787,751152.2,302743.1,76.35,23424.0,63.11,57249.0,48.71,36.35,44.87,18.78,Process Changes
chemical,coal,357733.8,2090503.5,120700.1,0.0546,1683437.5,64701.7,56.71,26546.0,73.15,12616.5,41.21,48.13,27.82,24.05,Renewable Energy Substitution
general,natural_gas,458046.0,1317346.3,209097.9,0.137,909089.9,174748.2,62.29,39999.2,50.44,21181.8,34.09,33.07,39.68,27.25,Energy Optimization
chemical,waste,606627.4,520055.0,39332.7,0.0703,70411.2,260916.4,71.14,72944.4,89.44,86499.4,41.9,20.4,28.74,50.86,Material Reuse
metal_engineering,diesel,512925.7,316316.2,35028.2,0.0997,1208432.1,250621.5,68.31,14652.4,59.67,195018.2,48.13,40.99,16.52,42.49,Transportation Optimization
metal_engineering,raw_materials,1626860.2,500884.3,73206.4,0.1275,302605.0,622049.1,73.56,109156.0,43.12,20279.0,37.05,15.3,28.79,55.91,Recycling Loops
general,diesel,390872.7,494923.7,75872.8,0.1329,1027436.6,219782.6,72.38,13352.1,49.42,117264.4,43.83,48.8,13.17,38.03,Transportation Optimization
general,raw_materials,1722296.5,363207.3,63354.2,0.1485,307689.8,645039.2,75.4,28175.3,71.73,28197.1,36.39,29.4,29.24,41.36,Recycled Materials
chemical,waste,1139904.6,295419.1,37249.0,0.112,183863.4,629763.9,83.12,216989.0,82.68,23173.4,43.73,25.83,34.9,39.27,Waste-to-Value
textile,raw_materials,2871316.2,491353.8,23579.8,0.0458,226909.3,1167615.7,90.38,21559.8,50.93,35519.5,41.52,10.35,26.34,63.31,Alternative Materials
textile,raw_materials,3040399.0,536396.1,98453.4,0.1551,286763.8,1024490.1,88.78,53002.0,64.95,23082.3,39.29,15.01,26.77,58.22,Alternative Materials
chemical,electricity,417700.5,1745829.2,104862.8,0.0567,292711.9,75930.1,81.36,30737.2,49.06,41558.4,52.02,30.36,56.67,12.97,Renewable Energy Substitution
general,raw_materials,753153.2,367964.9,41113.1,0.1005,275106.6,288417.2,66.29,55621.5,73.52,36365.4,31.07,19.91,28.15,51.94,Recycling Loops
chemical,raw_materials,1991856.4,307937.3,106767.1,0.2575,407777.0,857617.1,90.0,70079.4,86.65,26972.7,37.68,19.33,25.66,55.01,Recycled Materials
chemical,raw_materials,1320254.4,371687.4,64019.5,0.1469,117401.2,643636.3,67.72,51729.2,46.97,29692.6,27.41,27.29,38.51,34.2,Recycling Loops
general,natural_gas,942055.9,1145690.7,229830.8,0.1671,724718.2,237679.5,77.53,24527.7,53.55,47575.9,37.83,23.58,48.27,28.15,Energy Optimization
metal_engineering,diesel,1056587.2,328098.1,34368.3,0.0948,790992.2,349043.0,79.14,18728.9,48.73,228343.4,52.16,46.39,19.45,34.16,Transportation Optimization
food_processing,transport,341335.6,404171.0,46770.9,0.1037,1632059.9,136109.4,77.3,31161.0,61.25,278114.2,46.14,51.88,18.41,29.71,Transportation Optimization
food_processing,natural_gas,1032790.6,1087488.2,45235.8,0.0399,881730.8,365301.1,80.28,29739.9,69.09,35985.5,34.16,50.18,26.82,23.0,Process Changes
food_processing,raw_materials,583239.5,342006.1,58552.0,0.1462,200940.1,260577.5,81.77,100606.0,93.47,83305.6,42.01,23.26,31.52,45.22,Material Reuse
chemical,natural_gas,620096.1,662749.1,99757.7,0.1308,1100641.3,280570.3,72.16,41816.2,63.5,38163.8,42.06,33.71,45.68,20.61,Energy Optimization
chemical,waste,910007.4,638069.7,75832.0,0.1062,379121.1,497903.8,67.86,166610.9,87.27,39703.6,54.54,21.17,31.45,47.38,Waste-to-Value
chemical,waste,1538582.0,722111.8,81003.0,0.1009,220575.6,512833.6,82.76,112058.2,86.62,43760.7,34.31,25.79,29.22,44.99,Waste-to-Value
food_processing,natural_gas,508200.4,663813.7,73044.0,0.0991,450071.0,179722.6,64.94,24064.4,66.89,33029.8,40.4,20.71,42.3,36.99,Energy Optimization
general,transport,983370.0,385034.7,21431.3,0.0527,1396886.8,283494.2,64.2,20481.5,66.61,146384.0,42.36,43.23,21.57,35.2,Transportation Optimization
chemical,coal,707005.8,887700.0,95492.1,0.0971,1378205.0,236891.1,62.1,30314.3,47.16,31641.9,43.63,45.04,33.63,21.33,Renewable Energy Substitution
textile,waste,841899.3,540380.5,70949.6,0.1161,355092.0,420680.0,68.47,115760.9,79.86,22972.4,32.37,20.2,20.55,59.25,Waste-to-Value
general,raw_materials,2864720.8,796309.0,134440.9,0.1444,268192.1,812439.6,93.69,28052.5,61.85,21578.4,48.46,18.15,18.42,63.43,Alternative Materials
metal_engineering,raw_materials,3544975.7,743229.2,31867.3,0.0411,161759.8,1155055.8,98.31,42937.5,68.96,37937.8,44.45,14.93,25.09,59.98,Alternative Materials
general,waste,984577.6,445817.8,84456.2,0.1593,350891.0,427324.6,78.7,52506.4,48.83,33294.4,29.62,20.27,28.97,50.76,Recycling Loops
general,waste,780884.4,220911.6,88203.4,0.2853,109458.9,456039.3,73.11,89201.3,77.98,89354.7,27.53,17.68,24.86,57.46,Material Reuse
general,natural_gas,1040911.0,662600.4,104368.6,0.1361,368911.8,282378.3,70.61,28886.0,58.38,36990.3,43.67,23.57,40.91,35.52,Energy Optimization
general,electricity,415552.6,1179447.3,250983.8,0.1755,600239.6,146793.1,68.22,15808.1,61.71,44578.7,34.03,20.92,54.74,24.34,Energy Optimization
chemical,transport,454898.2,199593.2,44440.6,0.1821,626311.7,233513.6,79.65,26752.7,62.79,117371.2,44.3,42.16,23.41,34.43,Transportation Optimization
textile,natural_gas,729000.9,1430480.8,367026.0,0.2042,375560.1,274698.6,65.38,23531.9,52.43,35202.1,37.26,29.83,49.35,20.82,Energy Optimization
general,raw_materials,1596222.1,564642.1,86649.5,0.133,130734.4,458875.2,88.09,27457.5,73.39,34005.0,39.27,24.54,28.26,47.2,Alternative Materials
food_processing,natural_gas,589247.5,557997.6,137201.8,0.1974,614394.3,265566.1,67.22,24117.1,66.44,28112.9,28.29,27.81,48.09,24.1,Energy Optimization
chemical,waste,634299.4,647643.5,84924.1,0.1159,305646.6,376774.4,72.06,173496.4,85.87,35949.4,40.84,18.03,23.21,58.76,Waste-to-Value
chemical,raw_materials,786779.1,552519.0,46260.4,0.0773,83852.2,454508.7,79.63,47354.8,80.75,52235.5,39.74,21.8,34.79,43.41,Material Reuse
chemical,electricity,636996.7,943933.6,235266.1,0.1995,561791.8,237399.2,76.12,24097.1,52.52,38140.4,39.82,34.08,48.65,17.27,Energy Optimization
general,raw_materials,646460.9,689578.2,70463.2,0.0927,257684.3,244969.3,80.13,73290.0,62.7,33134.7,30.61,28.27,34.24,37.49,Recycling Loops
metal_engineering,raw_materials,1987858.1,762673.7,128197.6,0.1439,160638.0,819324.0,81.86,40536.0,72.76,21315.0,34.56,26.48,20.0,53.52,Recycled Materials
chemical,raw_materials,1849817.8,603281.3,119010.5,0.1648,133173.1,955394.7,90.15,45292.2,69.01,41431.0,39.99,22.53,19.81,57.66,Alternative Materials
general,raw_materials,1340719.7,539711.3,79019.2,0.1277,104324.4,787258.2,87.62,30745.0,77.31,36239.4,34.37,29.71,23.22,47.07,Recycled Materials
general,raw_materials,383572.1,347607.1,30841.3,0.0815,205519.9,189413.2,86.48,48768.5,76.32,59398.2,32.66,26.92,24.13,48.95,Material Reuse
metal_engineering,raw_materials,832645.5,723024.5,141296.7,0.1635,371089.3,414004.6,89.21,34287.2,61.61,45111.3,41.51,27.74,25.75,46.51,Recycled Materials
chemical,coal,800335.5,613765.8,64988.1,0.0957,1066480.6,278731.0,63.85,40392.8,71.22,42822.1,49.32,38.92,28.34,32.74,Process Changes
general,raw_materials,1838323.9,566135.1,37596.0,0.0623,312981.3,891259.6,98.39,22758.3,51.71,31287.5,43.76,13.7,28.59,57.71,Alternative Materials
textile,raw_materials,834626.9,623638.5,91264.7,0.1277,289854.8,423660.6,60.8,95108.0,65.07,25418.7,42.66,18.41,28.32,53.27,Recycling Loops
textile,raw_materials,1513785.5,764275.2,144010.7,0.1586,370202.5,633142.8,85.22,57132.7,62.85,58666.2,59.2,22.8,19.42,57.78,Alternative Materials
metal_engineering,waste,1230703.7,251275.2,54028.5,0.177,124161.8,411931.3,71.03,101128.8,92.3,46786.5,37.28,16.32,22.83,60.85,Material Reuse
food_processing,transport,903036.4,178810.4,39395.0,0.1805,675631.3,256664.1,69.59,14285.8,51.15,303955.1,43.5,52.96,22.99,24.05,Transportation Optimization
chemical,natural_gas,231255.0,535503.4,180845.0,0.2525,547838.1,83560.6,61.53,35306.8,48.44,16460.4,34.45,32.46,37.24,30.3,Energy Optimization
textile,electricity,970572.2,824915.7,51956.4,0.0593,653748.8,383366.2,84.63,24331.3,53.57,54778.4,31.59,52.52,35.49,11.99,Process Changes
general,electricity,737271.7,1268089.9,192777.3,0.132,645770.2,199682.7,72.26,31386.4,65.25,41866.2,36.59,37.09,50.02,12.89,Energy Optimization
textile,raw_materials,1024784.4,826345.5,36648.0,0.0425,221841.1,283810.2,72.13,114716.0,73.27,30856.3,33.79,24.05,29.68,46.27,Recycling Loops
food_processing,natural_gas,1253574.9,790575.5,90182.2,0.1024,1375119.7,455441.7,63.35,23983.4,72.24,41420.3,48.87,36.16,35.53,28.31,Process Changes
metal_engineering,electricity,829598.5,1611514.1,148208.7,0.0842,103855.5,215772.5,82.33,29064.5,43.71,41335.3,62.19,28.77,46.1,25.13,Renewable Energy Substitution
general,transport,698056.9,390010.3,75232.2,0.1617,1540958.7,318363.3,62.42,18119.9,65.39,298240.4,43.75,35.23,21.89,42.88,Transportation Optimization
chemical,raw_materials,461160.7,390843.9,99565.1,0.203,253751.5,175926.2,87.84,65592.1,77.19,68472.8,31.09,16.3,15.03,68.67,Material Reuse
general,diesel,1004185.4,468228.4,74235.0,0.1368,1290389.5,310705.4,75.62,33963.8,54.7,219162.4,42.81,36.8,16.34,46.86,Transportation Optimization
textile,raw_materials,1111527.6,738321.1,94946.9,0.1139,111013.5,446609.7,77.57,111343.3,62.02,18816.5,41.62,25.16,25.37,49.47,Recycling Loops
textile,waste,1072070.1,332767.6,63259.6,0.1597,220200.7,400451.4,79.03,151682.3,96.63,23810.3,40.39,26.8,28.19,45.01,Waste-to-Value
chemical,raw_materials,1094989.3,342460.1,86607.3,0.2019,86478.7,646060.2,91.83,46089.0,78.52,44026.0,54.36,17.59,24.51,57.9,Alternative Materials
food_processing,diesel,598818.8,384032.1,51024.0,0.1173,1021576.7,367275.2,52.44,21656.4,63.27,104000.7,50.34,55.27,19.83,24.9,Transportation Optimization
chemical,waste,678359.6,315964.9,72073.4,0.1857,137316.7,372790.4,63.71,180847.7,96.84,44902.0,39.38,23.99,32.84,43.17,Waste-to-Value
metal_engineering,waste,883149.9,627275.5,39921.5,0.0598,273924.8,240334.3,83.98,104409.6,67.59,32602.6,38.97,21.75,37.88,40.37,Recycling Loops
textile,electricity,974528.8,1208603.5,130804.4,0.0977,566556.9,271602.5,60.37,34083.9,63.2,36765.0,40.93,34.51,48.84,16.65,Energy Optimization
textile,electricity,272810.5,1642481.0,25306.6,0.0152,139871.9,62689.9,84.29,13555.8,49.05,41195.3,53.52,13.39,56.53,30.08,Renewable Energy Substitution
metal_engineering,raw_materials,1527822.4,220809.5,29091.7,0.1164,51175.5,499811.2,83.45,94004.2,82.74,53004.0,28.03,19.27,22.52,58.21,Material Reuse
chemical,waste,728650.6,421980.3,111272.5,0.2087,430706.5,203064.3,71.6,64684.7,95.9,30552.2,31.87,16.65,25.75,57.6,Waste-to-Value
chemical,raw_materials,452907.6,258645.8,71674.2,0.217,119863.7,204866.2,80.72,79526.3,88.87,53567.8,33.96,21.08,34.68,44.24,Material Reuse
textile,coal,432916.6,943652.4,16180.4,0.0169,1633013.0,194253.7,63.23,12322.7,40.42,20085.5,40.26,49.6,23.39,27.01,Renewable Energy Substitution
chemical,waste,1397865.5,838594.0,39749.6,0.0453,375113.9,416106.5,75.59,114716.5,52.62,25760.5,35.01,20.62,38.88,40.5,Recycling Loops
textile,raw_materials,1446665.6,606246.7,102767.7,0.1449,269412.6,531326.0,74.28,46007.5,44.08,29911.9,32.05,16.19,31.44,52.37,Recycling Loops
chemical,raw_materials,1402766.3,333951.4,86088.2,0.205,477779.4,667127.4,84.77,59775.5,65.97,34641.7,47.02,16.52,24.17,59.31,Recycled Materials
chemical,raw_materials,2103239.6,710682.0,61199.9,0.0793,109322.5,801121.1,98.11,47841.2,67.1,23887.1,51.53,24.85,17.1,58.05,Alternative Materials
general,natural_gas,428801.1,859961.5,223447.8,0.2062,1129979.8,113375.5,71.34,41755.2,63.94,33397.1,38.62,35.15,51.82,13.03,Energy Optimization
food_processing,raw_materials,1353731.2,303243.1,57118.8,0.1585,89985.3,474711.0,84.96,88071.5,72.66,81552.6,41.16,26.52,17.28,56.2,Material Reuse
metal_engineering,natural_gas,1435573.0,1140805.9,33570.9,0.0286,556710.4,533497.3,66.93,59301.6,56.66,24764.0,31.77,38.13,30.0,31.87,Process Changes
metal_engineering,raw_materials,1886629.3,725259.4,31254.6,0.0413,187067.0,680094.8,80.65,25292.2,84.13,47048.3,42.97,16.0,31.5,52.5,Recycled Materials
chemical,waste,747835.7,368849.4,32712.8,0.0815,319498.4,368184.4,76.8,66102.8,78.07,35591.2,35.31,27.86,20.88,51.26,Waste-to-Value
metal_engineering,coal,1186740.5,785555.4,36370.6,0.0443,1008787.4,317576.3,79.48,35972.4,74.48,27230.8,43.0,36.79,39.68,23.53,Process Changes
metal_engineering,raw_materials,1565583.1,814338.6,144697.6,0.1509,158678.0,698709.9,90.79,62539.7,69.95,37520.3,44.91,22.66,21.8,55.54,Recycled Materials
general,waste,691200.2,608132.8,58050.4,0.0871,164016.1,217663.9,67.64,107014.3,41.66,20482.4,41.54,26.74,31.83,41.43,Recycling Loops
metal_engineering,natural_gas,871815.5,1005810.7,252983.9,0.201,308795.0,251645.4,76.4,48792.9,49.52,35809.3,35.25,26.7,46.31,26.99,Energy Optimization
food_processing,electricity,495330.6,1377158.7,174754.1,0.1126,334184.0,125867.0,65.72,18952.4,46.64,41446.3,30.79,38.28,42.36,19.36,Energy Optimization
general,raw_materials,2508740.5,850360.8,90988.6,0.0967,157312.6,714567.2,76.45,53900.9,80.93,51509.2,47.84,25.15,30.19,44.66,Recycled Materials
textile,raw_materials,785966.8,511171.9,111049.9,0.1785,232301.5,255162.4,83.2,80868.7,65.71,24179.3,26.42,16.51,32.44,51.05,Recycling Loops
metal_engineering,natural_gas,503075.5,820391.4,79709.0,0.0886,1578000.5,277878.3,78.6,43939.2,63.26,35739.2,51.23,46.35,43.67,9.98,Process Changes
general,coal,573109.4,1131714.8,117111.0,0.0938,1432736.1,213458.9,72.81,22718.5,47.98,12451.2,54.99,64.81,29.76,5.43,Renewable Energy Substitution
chemical,raw_materials,1046110.3,412052.8,50793.2,0.1097,323183.9,547325.4,96.52,36949.5,70.03,23821.4,51.72,16.78,23.8,59.42,Alternative Materials
textile,electricity,443096.1,1790041.6,52127.0,0.0283,181437.0,96702.4,78.28,21608.8,69.18,23356.3,63.08,18.33,58.2,23.47,Renewable Energy Substitution
textile,waste,1427089.5,759233.3,129319.1,0.1455,340614.1,406621.6,66.29,73328.8,40.71,28099.8,37.11,22.88,39.61,37.51,Recycling Loops
general,coal,1468431.8,473550.3,132889.4,0.2191,971867.0,495916.1,77.37,20364.5,63.5,23749.0,47.18,54.58,35.46,9.96,Process Changes
food_processing,electricity,630383.0,693236.0,151360.1,0.1792,913714.6,219447.6,68.54,46477.8,57.98,32705.4,29.06,38.44,38.54,23.02,Energy Optimization
general,raw_materials,781930.6,731586.6,100062.2,0.1203,131535.8,321960.7,97.18,20850.8,76.24,41157.5,58.66,21.98,29.97,48.05,Alternative Materials
food_processing,electricity,412967.6,735975.6,125997.5,0.1462,400674.0,218938.1,64.85,24716.7,67.46,31349.3,34.67,34.48,53.19,12.33,Energy Optimization
general,raw_materials,1692834.1,644369.9,88934.3,0.1213,111461.0,629114.1,70.25,68305.5,69.19,21409.0,43.77,20.97,34.61,44.42,Recycled Materials
metal_engineering,electricity,1214597.8,803230.4,132517.9,0.1416,1146727.1,486942.7,67.11,45896.4,48.7,47608.4,46.1,35.86,38.52,25.62,Process Changes
textile,waste,914448.3,226422.1,97805.5,0.3017,158018.0,317253.6,73.17,86188.4,86.56,77919.3,30.36,19.74,17.51,62.75,Material Reuse
textile,raw_materials,3275978.6,721343.0,94179.3,0.1155,60635.5,1137853.8,94.65,47060.5,56.47,46355.4,46.67,19.77,16.6,63.63,Alternative Materials
general,electricity,402981.6,1507733.4,156145.6,0.0938,267364.8,144138.2,84.05,12267.6,40.12,23323.4,56.83,25.73,59.29,14.98,Renewable Energy Substitution
textile,waste,939762.8,558049.3,42956.6,0.0715,167160.6,526635.8,61.34,119547.1,78.44,32405.3,46.54,25.82,23.83,50.35,Waste-to-Value
textile,coal,878793.7,2194360.6,143680.0,0.0615,998404.6,239467.7,79.58,39477.6,64.23,23237.8,47.86,58.27,34.62,7.11,Renewable Energy Substitution
textile,waste,463617.6,726523.3,51773.4,0.0665,233712.2,245819.1,62.81,198080.7,96.72,33322.5,47.9,26.43,23.94,49.63,Waste-to-Value
metal_engineering,coal,625962.9,451100.6,83462.7,0.1561,1161184.5,372446.2,70.12,39307.2,51.8,38235.3,50.97,52.01,27.9,20.09,Process Changes
chemical,natural_gas,1192483.2,821948.9,107183.0,0.1154,596227.6,412339.6,82.78,24196.0,52.91,56092.3,36.26,48.08,35.7,16.22,Process Changes
general,raw_materials,626661.7,604063.0,57857.0,0.0874,385798.8,212884.0,64.99,61808.0,54.49,20818.3,36.81,28.09,35.68,36.23,Recycling Loops
textile,natural_gas,480469.4,672754.6,210678.5,0.2385,426023.1,168178.7,61.51,34082.4,61.74,47942.8,40.57,30.82,53.65,15.53,Energy Optimization
food_processing,natural_gas,1288868.2,998059.7,139581.4,0.1227,550988.6,369867.9,71.67,61752.9,52.72,30793.3,39.05,39.87,27.58,32.55,Process Changes
